"t_start","t_end","Mean(R)","Std(R)","Quantile.0.025(R)","Quantile.0.05(R)","Quantile.0.25(R)","Median(R)","Quantile.0.75(R)","Quantile.0.95(R)","Quantile.0.975(R)"
2,8,5,5,0.126589039921449,0.256466471937753,14.97866136777,3.46573590279973,14.97866136777,14.97866136777,18.4443972705697
3,9,5,5,0.126589039921449,0.256466471937753,14.97866136777,3.46573590279973,14.97866136777,14.97866136777,18.4443972705697
4,10,5,5,0.126589039921449,0.256466471937753,14.97866136777,3.46573590279973,14.97866136777,14.97866136777,18.4443972705697
5,11,5,5,0.126589039921449,0.256466471937753,14.97866136777,3.46573590279973,14.97866136777,14.97866136777,18.4443972705697
6,12,10,7.07106781186548,1.21104639271982,1.77680755349331,23.7193225919529,8.3917349500833,23.7193225919529,23.7193225919529,27.8582169546945
7,13,13.8368902327063,7.98873230060027,2.8534994181806,3.77143559954346,29.0380684245383,12.3335596788763,29.0380684245383,29.0380684245383,33.322403407961
8,14,8.51383000187516,4.91546204341734,1.75575642707746,2.32056199171373,17.8671055411693,7.58883164193445,17.8671055411693,17.8671055411693,20.5032542065486
9,15,10.5061339060539,3.97094536516604,4.22401072564546,4.93085236895794,17.7739706418283,10.0103000300002,17.7739706418283,17.7739706418283,19.6006546890305
10,16,8.00438766691691,2.66812922230564,3.66011574060186,4.17582460192245,12.837836906287,7.70996066058655,12.837836906287,12.837836906287,14.019408598377
11,17,7.54700859742629,1.94862924076775,4.22400342152194,4.65214238066975,11.0118331567925,7.37997606902046,11.0118331567925,11.0118331567925,11.8184248371186
12,18,5.32498733433647,1.2551115512806,3.15592497439328,3.44180689758991,7.54350429036312,5.22670771669364,7.54350429036312,7.54350429036312,8.05216386402669
13,19,4.53855408500283,0.907710817000567,2.93711290361708,3.15558872980447,6.12748431045492,4.47818557294694,6.12748431045492,6.12748431045492,6.48288837239914
14,20,3.250402451486,0.625540243446687,2.14203569688873,2.29431571540107,4.34309242059058,3.21036329410823,4.34309242059058,4.34309242059058,4.58620037302442
15,21,3.22359117801392,0.522935542042008,2.2812049759706,2.41429235716656,4.1292069642756,3.19535858389595,4.1292069642756,4.1292069642756,4.32636697139833
16,22,2.73813790053852,0.417562115205644,1.98160397545155,2.08936726715966,3.45921992516761,2.71694152604671,3.45921992516761,3.45921992516761,3.61509334691004
17,23,2.89201328963684,0.37650806071989,2.20153451082597,2.30180453545061,3.53790455908311,2.8756907440565,3.53790455908311,3.53790455908311,3.67523174742414
18,24,2.31134172559093,0.298392933686933,1.76379723455084,1.84338434105817,2.82306040988362,2.29851369776554,2.82306040988362,2.82306040988362,2.93177138524474
19,25,6.61646880002047,0.449155168971737,5.765366164148,5.89541033669183,7.37218734929735,6.60630803365149,7.37218734929735,7.37218734929735,7.52531086492045
20,26,4.90736779352982,0.339449728229512,4.26456928106527,4.36268664478693,5.47873972213757,4.8995432736877,5.47873972213757,5.47873972213757,5.59462971364246
21,27,4.17962497115549,0.249335521916447,3.70517325147984,3.77813311244926,4.59802586511569,4.17466798136086,4.59802586511569,4.59802586511569,4.68224558669242
22,28,3.62037879572066,0.187707896389432,3.26178090236604,3.31725786353526,3.93456391229755,3.6171352459836,3.93456391229755,3.93456391229755,3.99740888813038
23,29,3.00980044131142,0.14397828065704,2.73418718828588,2.77695699116897,3.25047411221109,3.00750494782771,3.25047411221109,3.25047411221109,3.29845841709707
24,30,2.56854165849304,0.114298603643612,2.34937616012035,2.38347287025522,2.75939300777901,2.56684645054924,2.75939300777901,2.75939300777901,2.79734064268301
25,31,2.14569958421726,0.0916597435467842,1.96978664034331,1.99719134228097,2.29865943507383,2.14439455538552,2.29865943507383,2.29865943507383,2.32902872827825
26,32,1.4365543701625,0.0671991790749224,1.30784852867825,1.32783728700851,1.54884521810499,1.43550669113763,1.54884521810499,1.54884521810499,1.57121392044539
27,33,1.33591275013039,0.0594473371396227,1.22192355992331,1.23965744781104,1.43517559449489,1.33503106308484,1.43517559449489,1.43517559449489,1.45491236969489
28,34,1.25026647225595,0.0545142087671137,1.14568941224278,1.16197009264137,1.3412652149029,1.24947425076088,1.3412652149029,1.3412652149029,1.35934555351245
29,35,1.11571377975322,0.0498464155819621,1.02014268443661,1.03500917177934,1.19895024774067,1.11497154308338,1.19895024774067,1.19895024774067,1.2155028384335
30,36,1.03052656114443,0.0467938006561087,0.940841190727291,0.95478438004179,1.10868442846289,1.02981838207058,1.10868442846289,1.10868442846289,1.12423634994411
31,37,1.04158841833541,0.0463500762751667,0.95271298816713,0.966539798513923,1.11898196746576,1.04090098196267,1.11898196746576,1.11898196746576,1.13437039493725
32,38,1.12562668850505,0.0478665157567994,1.03375259156228,1.04806735133993,1.20550021178674,1.12494826416078,1.20550021178674,1.20550021178674,1.22135612693709
33,39,1.0396547283919,0.0458126610359984,0.951790648988325,0.965464625345123,1.11613996413119,1.03898189019506,1.11613996413119,1.11613996413119,1.13134239793692
34,40,1.00385473963132,0.0446709496112278,0.91819900437096,0.93152491012824,1.07844454856522,1.00319220705241,1.07844454856522,1.07844454856522,1.09327549866105
35,41,0.851097719488116,0.0408539978842798,0.772898645642546,0.785032089312334,0.919392847559967,0.850444123934302,0.919392847559967,0.919392847559967,0.933011014763417
36,42,0.807930525802341,0.0397556621676766,0.731879948335211,0.743669175019554,0.874415896021308,0.807278536700257,0.874415896021308,0.874415896021308,0.887686190135429
37,43,0.805096661321255,0.0400550559864272,0.728494398058815,0.740364199389378,0.872094706392308,0.804432487672799,0.872094706392308,0.872094706392308,0.885473250523705
38,44,0.833338866164594,0.0415115657255162,0.753953606216424,0.766254062807217,0.902774545888974,0.832649688152551,0.902774545888974,0.902774545888974,0.916640545037021
39,45,0.752002572614346,0.0403115692165055,0.675059561996037,0.68694699350924,0.819514806040691,0.751282386423435,0.819514806040691,0.819514806040691,0.833038193221395
40,46,0.886801585381439,0.0447332225599504,0.801282496043484,0.814526984261925,0.96164153057966,0.886049534708788,0.96164153057966,0.96164153057966,0.976594379160973
41,47,0.917392722695892,0.0465735591455382,0.828369901425928,0.842153599667305,0.995319878169235,0.91660470510363,0.995319878169235,0.995319878169235,1.01089363700923
42,48,1.02387432837932,0.0501393415781954,0.927948866736561,0.94282175097897,1.10771832945958,1.02305600008221,1.10771832945958,1.10771832945958,1.12445014124384
43,49,1.08671161765265,0.0522240275446282,0.986751835100806,1.00226103576347,1.17401547471769,1.08587515670755,1.17401547471769,1.17401547471769,1.19142479997897
44,50,1.13352334109071,0.0534348027412317,1.03119890318441,1.04708608983615,1.22282435651268,1.1326838048319,1.22282435651268,1.22282435651268,1.24061866028604
45,51,1.01720147710139,0.0502973759448445,0.920996766317209,0.935907515675682,1.10132290672983,1.01637258226433,1.10132290672983,1.10132290672983,1.11811658326366
46,52,1.01756252473921,0.0497706099684892,0.922339701515509,0.937104305330094,1.10078832372248,1.01675118650927,1.10078832372248,1.10078832372248,1.1173959767488
47,53,1.11190313399973,0.0516745209074233,1.01291637007013,1.02829314530444,1.19824339980689,1.11110273032115,1.19824339980689,1.19824339980689,1.21543840183315
48,54,1.27425609351828,0.055142454125154,1.16845645674286,1.18493156569903,1.36629357878691,1.27346076605912,1.36629357878691,1.36629357878691,1.3845754036802
49,55,1.50490516933808,0.0594401804554362,1.39064392245474,1.40848758099502,1.60399198755044,1.5041226597362,1.60399198755044,1.60399198755044,1.62361326610008
50,56,1.73586474033393,0.0624751390630827,1.6155591333205,1.63439639078451,1.83988955385711,1.73511528807524,1.83988955385711,1.83988955385711,1.86042935304104
51,57,1.94410310005466,0.0635110799133758,1.82160034184797,1.84082946380349,2.04973572662858,1.94341153829726,2.04973572662858,2.04973572662858,2.07053589373466
52,58,2.10175001916397,0.0622757831916205,1.98144875964653,2.00037520554873,2.20522284610154,2.10113496483695,2.20522284610154,2.20522284610154,2.22554654296493
53,59,2.57148251600524,0.0640076393854906,2.44754563754733,2.46711284658926,2.67766367993224,2.57095145692208,2.67766367993224,2.67766367993224,2.69843733585483
54,60,2.68250675770422,0.0599676845556747,2.56624710030429,2.58463669471138,2.78190106130701,2.68205990991124,2.78190106130701,2.78190106130701,2.80130579826587
55,61,2.89598212047893,0.056066437759845,2.78712559512273,2.80438224208358,2.98881616260141,2.89562031165975,2.98881616260141,2.98881616260141,3.00689476581388
56,62,2.64975698345205,0.0476911429453797,2.5570996965252,2.57180304675466,2.72868688311496,2.64947086898151,2.72868688311496,2.72868688311496,2.74404022869252
57,63,2.33963016572279,0.0396376719547305,2.26257974639553,2.27481600136469,2.40520787370501,2.33940632431762,2.40520787370501,2.40520787370501,2.41795265270478
58,64,2.01618134247857,0.0327975305713622,1.95240617387897,1.96253921916433,2.07043008759497,2.01600350445059,2.07043008759497,2.07043008759497,2.08096714656402
59,65,1.82981773115646,0.0282953986744151,1.77477534820021,1.78352601766205,1.87660694079311,1.82967188452804,1.87660694079311,1.87660694079311,1.88568894598499
60,66,1.65358076655566,0.0247798723382892,1.60536577700475,1.61303370562201,1.69455004765623,1.65345698792257,1.69455004765623,1.69455004765623,1.70249917788728
61,67,1.50907200741506,0.0221039765797955,1.46605647578767,1.47289919523506,1.54561294632389,1.50896408688157,1.54561294632389,1.54561294632389,1.55270084088276
62,68,1.27000972205425,0.0191482930122054,1.23275394842976,1.23867856742522,1.30166913767322,1.26991348862149,1.30166913767322,1.30166913767322,1.30781238077997
63,69,1.12325306567611,0.0171975740062274,1.08979651775663,1.0951160546901,1.15168945666368,1.12316529903592,1.15168945666368,1.15168945666368,1.15720838270549
64,70,1.01433205972844,0.0158412053572009,0.983518851828239,0.988417001274792,1.04052841323706,1.01424959489935,1.04052841323706,1.04052841323706,1.04561390701575
65,71,0.969606759266331,0.0152340196964982,0.93997597297303,0.944685836694659,0.994799826063603,0.969526977107664,0.994799826063603,0.994799826063603,0.999690939581771
66,72,0.952473941882795,0.0150205579919288,0.92325918426589,0.927902720542368,0.977314493215855,0.952394984749116,0.977314493215855,0.977314493215855,0.982137404976965
67,73,0.893420872614346,0.0145720258047031,0.865086003848789,0.8695879035649,0.917524081302146,0.89334164881486,0.917524081302146,0.917524081302146,0.922205962193549
68,74,0.896038923225934,0.0146694641787392,0.867515442207279,0.872047106085718,0.920303805884012,0.895958870988813,0.920303805884012,0.920303805884012,0.925017332973779
69,75,0.969434719698358,0.0153956125794904,0.939492114031538,0.944250951154915,0.994896485802297,0.969353221570608,0.994896485802297,0.994896485802297,0.99984047103651
70,76,1.07233874313517,0.0163644335561765,1.04050222618265,1.04556436609761,1.0993970663445,1.07225550109643,1.0993970663445,1.0993970663445,1.10464831634554
71,77,1.17464386328078,0.0172332271081527,1.14110746072702,1.14644219028682,1.20313300690677,1.17455958799884,1.20313300690677,1.20313300690677,1.2086591940179
72,78,1.23773762661962,0.0176316616794195,1.20341870749543,1.20887961494753,1.26688121623318,1.23765390619607,1.26688121623318,1.26688121623318,1.2725323207953
73,79,1.23498762291811,0.0173718066235561,1.20117154017484,1.20655313805016,1.26369994745367,1.23490617105546,1.26369994745367,1.26369994745367,1.26926658873075
74,80,1.24721399342548,0.0170947495237732,1.21393137344727,1.21922946814304,1.2754649293853,1.24713589209743,1.2754649293853,1.2754649293853,1.28094045576466
75,81,1.18109851008598,0.016252794265618,1.14945597627043,1.15449279362447,1.20795852108847,1.18102396074205,1.20795852108847,1.20795852108847,1.21316470066918
76,82,1.14367102267815,0.0156286469244705,1.11324222082044,1.11808617555234,1.16949870340868,1.14359983323739,1.16949870340868,1.16949870340868,1.17450438730962
77,83,1.10986359487542,0.0150949467551755,1.08047297300959,1.08515188092993,1.1348087410142,1.10979516156503,1.1348087410142,1.1348087410142,1.1396431166988
78,84,1.09359538301038,0.0147540870161686,1.0648668964757,1.06944075961105,1.11797633283727,1.09352903283525,1.11797633283727,1.11797633283727,1.12270093125827
79,85,1.10244834492243,0.0146369927602521,1.07394487021399,1.07848362034027,1.12663402909518,1.10238356809488,1.12663402909518,1.12663402909518,1.13131994018669
80,86,1.15383526396199,0.0148256936231886,1.12495828617084,1.12955794716529,1.1783291784818,1.15377176586202,1.1783291784818,1.1783291784818,1.18307309547258
81,87,1.19721555390754,0.0149488530476316,1.16809353147965,1.17273345215655,1.22190988785238,1.19715333560944,1.22190988785238,1.22190988785238,1.22669115710252
82,88,1.24641559601415,0.0150498604561737,1.21709090341929,1.22176451846607,1.27127329252536,1.24635502329574,1.27127329252536,1.27127329252536,1.2760845177447
83,89,1.28486145704172,0.0150094082748763,1.25560997788241,1.26027325955404,1.30964901505321,1.2848030122152,1.30964901505321,1.30964901505321,1.3144450727638
84,90,1.32215945024387,0.0148895984167027,1.29313551579301,1.29776393884938,1.34674561773067,1.32210355721859,1.34674561773067,1.34674561773067,1.35150101964496
85,91,1.34460968743391,0.0146282906516103,1.31608979497529,1.3206391054436,1.36876121987786,1.34455663972585,1.36876121987786,1.36876121987786,1.37343104519749
86,92,1.34618181733517,0.0142145039430254,1.31846433371985,1.32288667932264,1.36964761411642,1.34613178675121,1.36964761411642,1.36964761411642,1.37418362023798
87,93,1.31573426651461,0.013617927706398,1.28917736624974,1.29341518455543,1.33821360763946,1.31568728469301,1.33821360763946,1.33821360763946,1.34255816024071
88,94,1.28720091405459,0.0130460296602666,1.26175663167538,1.26581753865773,1.30873463116687,1.28715683964685,1.30873463116687,1.30873463116687,1.3128956673379
89,95,1.28530527115164,0.0126466980604328,1.26063626861087,1.26457428783876,1.30617774170214,1.2852637925349,1.30617774170214,1.30617774170214,1.31020999296675
90,96,1.29065894267479,0.0123227654169466,1.26661839456362,1.27045690508659,1.31099475504641,1.29061972505187,1.31099475504641,1.31099475504641,1.31492236105031
91,97,1.27771169153676,0.0119349777170367,1.25442533532977,1.25814398413074,1.29740615824421,1.27767453058265,1.29740615824421,1.29740615824421,1.30120923015246
92,98,1.26809723148387,0.0115736800476621,1.245513449085,1.24912046338944,1.2871941042675,1.26806202140552,1.2871941042675,1.2871941042675,1.29088110964744
93,99,1.25565780707673,0.0112148071409231,1.23377221304973,1.23726821093581,1.27416129226872,1.25562441918396,1.27416129226872,1.27416129226872,1.27773314155724
94,100,1.23644441952372,0.0108464209864979,1.2152760874861,1.21865790102017,1.25433912327347,1.23641270376687,1.25433912327347,1.25433912327347,1.25779298942016
95,101,1.20256205409431,0.0104369565156561,1.18219192461794,1.18544643934278,1.21978066239239,1.20253186034403,1.21978066239239,1.21978066239239,1.22310377200343
96,102,1.13377818467413,0.00990359825307092,1.11444955489284,1.11753754447402,1.15011718694674,1.13374934869421,1.15011718694674,1.15011718694674,1.1532706867963
97,103,1.10934852013442,0.00960016248990502,1.09061135875363,1.09360503030732,1.12518647235177,1.1093208273913,1.12518647235177,1.12518647235177,1.12824305694468
98,104,1.09668683265999,0.00939744990323882,1.07834455821959,1.08127531864617,1.11218990697547,1.09665999069752,1.11218990697547,1.11218990697547,1.11518164762086
99,105,1.08155972247648,0.00922290157244576,1.06355777366096,1.06643424300522,1.09677462602432,1.08153350677302,1.09677462602432,1.09677462602432,1.09971065283871
100,106,1.09185110883875,0.00917586739236003,1.07393988864109,1.07680211725344,1.10698778045796,1.09182540442132,1.10698778045796,1.10698778045796,1.10990840499326
101,107,1.11517540874985,0.00919249789501196,1.0972303211811,1.10009829662885,1.13033867851759,1.1151501506375,1.13033867851759,1.13033867851759,1.13326403596757
102,108,1.15987006890521,0.00929115855841916,1.14173032868662,1.14462990270442,1.17519486044566,1.15984526000595,1.17519486044566,1.17519486044566,1.17815079594073
103,109,1.20789112888057,0.00937929193639481,1.18957713290111,1.19250508245185,1.22335998524163,1.20786685218852,1.22335998524163,1.22335998524163,1.2263430871964
104,110,1.22253148186032,0.00930118867037146,1.20436860437756,1.20727272422873,1.23787070078851,1.22250789369777,1.23787070078851,1.23787070078851,1.24082840883003
105,111,1.27130785520311,0.00931067534187935,1.25312393750026,1.25603202116784,1.28666122140252,1.27128512574923,1.28666122140252,1.28666122140252,1.28962094243281
106,112,1.31782905999321,0.00927818594225355,1.29970609957558,1.30260502948796,1.33312736460383,1.31780728567661,1.33312736460383,1.33312736460383,1.33607576198121
107,113,1.33620028600653,0.00911471824596685,1.31839472836736,1.32124333908853,1.35122792738322,1.33617956110461,1.35122792738322,1.35122792738322,1.35412362148716
108,114,1.34501318161166,0.00888829135227813,1.32764814994883,1.33042671212744,1.35966643634156,1.34499360274067,1.35966643634156,1.35966643634156,1.36248947832446
109,115,1.33277982695774,0.00857842915759609,1.3160187727781,1.31870102683795,1.34692140799884,1.33276142200076,1.34692140799884,1.34692140799884,1.34964547493734
110,116,1.32453079157956,0.00828398226275062,1.30834361257487,1.31093437174396,1.33818612112358,1.32451352151344,1.33818612112358,1.33818612112358,1.34081611489917
111,117,1.29345257822682,0.0079333512655353,1.27794963414706,1.28043109845331,1.30652938453936,1.29343635860835,1.30652938453936,1.30652938453936,1.30904769701871
112,118,1.25554677235297,0.0075828218044195,1.24072813810457,1.24310023038869,1.26804538574405,1.25553150700842,1.26804538574405,1.26804538574405,1.27045215825722
113,119,1.21611323281663,0.00725472332341831,1.20193527160926,1.2042049296549,1.22807074428139,1.21609880683006,1.22807074428139,1.22807074428139,1.23037317568072
114,120,1.17952702925536,0.00696653421025903,1.16591188617562,1.16809153982236,1.19100930258178,1.17951331401262,1.19100930258178,1.19100930258178,1.19322011489565
115,121,1.13738892959201,0.0066931870242888,1.12430786970548,1.12640205436384,1.14842058931098,1.13737580049739,1.14842058931098,1.14842058931098,1.15054460100928
116,122,1.09168609514563,0.00643785354600066,1.07910413121185,1.0811183959822,1.10229696163236,1.09167344014249,1.10229696163236,1.10229696163236,1.10433997638835
117,123,1.0480201372731,0.00621579201371341,1.03587236382515,1.03781707082234,1.05826512109371,1.04800784870839,1.05826512109371,1.05826512109371,1.06023774559117
118,124,1.02152527255356,0.0060721228877892,1.00965835349077,1.01155808107537,1.03153350359111,1.02151324132922,1.03153350359111,1.03153350359111,1.03346056404286
119,125,1.00448585896513,0.00598268709733413,0.992793793750355,0.994665513704456,1.0143467195621,1.00447398142288,1.0143467195621,1.0143467195621,1.01624542324397
120,126,0.975216540007125,0.00587639804855272,0.963732586409083,0.965570898076118,0.984902443630898,0.975204736823488,0.984902443630898,0.984902443630898,0.986767570094896
121,127,0.962469582905523,0.0058330418617176,0.951070550606456,0.952895222464863,0.97208413851347,0.96245779922463,0.97208413851347,0.97208413851347,0.973935580861528
122,128,0.968698071029258,0.00586068105771974,0.95724496767846,0.959078308672227,0.97835814947668,0.968686251898343,0.97835814947668,0.97835814947668,0.980218341496565
123,129,0.992995162847325,0.00595334107805589,0.981360671512826,0.983223121713754,1.00280778706822,0.992983265443113,1.00280778706822,1.00280778706822,1.00469726611939
124,130,1.03261902408551,0.00609206811885933,1.02071286792115,1.0226189382537,1.04265997572551,1.03260704379831,1.04265997572551,1.04265997572551,1.04459326320537
125,131,1.06272220038725,0.00619045137905728,1.05062332894249,1.0525603557543,1.07292504613014,1.06271018043471,1.07292504613014,1.07292504613014,1.07488938020301
126,132,1.07041900840487,0.00620191558110645,1.05829754734219,1.06023823451954,1.08064063949296,1.07040703064038,1.08064063949296,1.08064063949296,1.08260853808779
127,133,1.08997115530289,0.00622617066436393,1.07780180571716,1.07975027514475,1.10023247421826,1.08995930021052,1.10023247421826,1.10023247421826,1.10220787637441
128,134,1.10410335059659,0.00622200410597348,1.09194169069983,1.09388903721783,1.1143575317177,1.10409166290382,1.1143575317177,1.1143575317177,1.1163314306621
129,135,1.1106623843911,0.0061871741337895,1.09856842432235,1.10050502116747,1.12085893744801,1.11065089543523,1.12085893744801,1.12085893744801,1.12282163522424
130,136,1.11095103819021,0.00612664068479545,1.09897507654918,1.10089285597833,1.12104763716061,1.11093977587017,1.12104763716061,1.12104763716061,1.12299100264389
131,137,1.10159177622107,0.00603487374545532,1.08979498590869,1.09168412340503,1.11153702026547,1.10158075591477,1.11153702026547,1.11153702026547,1.11345119400273
132,138,1.12121482048608,0.00602133957348454,1.10944386950396,1.11132901625052,1.13113739257396,1.12120404156199,1.13113739257396,1.13113739257396,1.13304702718368
133,139,1.15817432022812,0.00605420499134881,1.14633829996432,1.14823406372334,1.16815056087893,1.15816377105659,1.16815056087893,1.16815056087893,1.17007029054426
134,140,1.20096799466663,0.00609361555731049,1.1890540391266,1.19096249739864,1.21100864713635,1.20095768850969,1.21100864713635,1.21100864713635,1.21294051922871
135,141,1.23231645636641,0.00608419670197901,1.22042012685588,1.22232594999025,1.24234111781432,1.23230644340915,1.24234111781432,1.24234111781432,1.24426968867088
136,142,1.24641772939221,0.0060085945357484,1.23466855930133,1.23655096560471,1.25631742783811,1.24640807421329,1.25631742783811,1.25631742783811,1.25822176905362
137,143,1.24980951084438,0.0058891071416509,1.23829337840448,1.24013859323015,1.25951198040057,1.24980026102484,1.25951198040057,1.25951198040057,1.26137820923215
138,144,1.24608944993397,0.00574497134639315,1.23485462084184,1.23665489494762,1.25555412093814,1.24608062107229,1.25555412093814,1.25555412093814,1.25737445270644
139,145,1.20257176871136,0.00551064747161182,1.19179503541968,1.19352193899666,1.21165031054807,1.20256335141809,1.21165031054807,1.21165031054807,1.21339633677477
140,146,1.13297694704758,0.00522519921627451,1.12275858853079,1.12439598113319,1.14158531328377,1.13296891432385,1.14158531328377,1.14158531328377,1.14324095485952
141,147,1.06629839943639,0.00496565436241394,1.05658781674282,1.05814379263267,1.07447929954861,1.06629069124652,1.07447929954861,1.07447929954861,1.07605278712614
142,148,1.00927605251815,0.00475766721406846,0.999972456414074,1.00146315735303,1.01711444821061,1.00926857674135,1.01711444821061,1.01711444821061,1.0186221328342
143,149,0.966873990642233,0.00461511088180998,0.957849422390459,0.959295353180558,0.974477675662242,0.966866647658591,0.974477675662242,0.974477675662242,0.975940288453275
144,150,0.930824845742288,0.00451479192414374,0.921996775303924,0.92341114411358,0.938263446175163,0.93081754636769,0.938263446175163,0.938263446175163,0.939694397912987
145,151,0.892557871429406,0.00442979944863152,0.883896466188104,0.885284020075527,0.89985672063552,0.892550543017755,0.89985672063552,0.89985672063552,0.901260923417594
146,152,0.875732841264491,0.00441484869441363,0.867100996544179,0.868483736609725,0.883007252352826,0.875725422388657,0.883007252352826,0.883007252352826,0.884406846831615
147,153,0.88929062720167,0.00449348773932228,0.880505077958238,0.881912428267069,0.896694642456373,0.889283058846663,0.896694642456373,0.896694642456373,0.898119186769408
148,154,0.911949609621208,0.004608039911478,0.902940091260599,0.904383318941042,0.919542375093114,0.911941848227569,0.919542375093114,0.919542375093114,0.921003235328415
149,155,0.935468511971457,0.00472663849745017,0.926227111619656,0.927707484570497,0.943256694167664,0.935460551226867,0.943256694167664,0.943256694167664,0.944755152564526
150,156,0.958621123748838,0.00483628078409262,0.949165318515186,0.950680045206603,0.966589944877761,0.958612990686337,0.966589944877761,0.966589944877761,0.968123148491989
151,157,0.981633212713404,0.00493326624390561,0.971987692196841,0.973532831148355,0.989761784001037,0.981624948567797,0.989761784001037,0.989761784001037,0.991325697673837
152,158,1.01140008905857,0.00503408459241395,1.00155721817381,1.00313402611531,1.01969464177418,1.01139173694986,1.01969464177418,1.01969464177418,1.0212904242744
153,159,1.03439577288682,0.00510472059494962,1.02441458608447,1.02601360091406,1.04280658849735,1.03438737567064,1.04280658849735,1.04280658849735,1.04442468036242
154,160,1.03799362851419,0.00511308299409037,1.02799604693099,1.02959769872641,1.04641819625394,1.03798523296486,1.04641819625394,1.04641819625394,1.0480389212981
155,161,1.03286689505388,0.0050872119057973,1.02291989617566,1.02451344511144,1.04124883459025,1.03285854299746,1.04124883459025,1.04124883459025,1.04286135796637
156,162,1.02449795565529,0.00504740041086416,1.01462880656861,1.0162098820862,1.03281430375352,1.02448966664761,1.03281430375352,1.03281430375352,1.03441421047549
157,163,1.01591301768194,0.00500777978031829,1.00612135106628,1.00769001061001,1.02416409232801,1.01590478934553,1.02416409232801,1.02416409232801,1.02575144524138
158,164,1.00944764254069,0.0049773612673922,0.999715459759829,1.00127458816304,1.01764860214078,1.00943946179958,1.01764860214078,1.01764860214078,1.01922631578526
159,165,1.00238924881416,0.0049500854539611,0.992710433419572,0.994261003772494,1.0105452884252,1.00238110051228,1.0105452884252,1.0105452884252,1.01211437032295
160,166,0.998150564266607,0.00493372778925869,0.988503754180334,0.990049192084545,1.00627966487789,0.998142435354487,1.00627966487789,1.00627966487789,1.0078435702767
161,167,1.00083829165996,0.00493791272311681,0.991183256262591,0.992730022042223,1.00897426217674,1.00083017081863,1.00897426217674,1.00897426217674,1.01053947711558
162,168,1.00339031444062,0.00494418937477352,0.993722976866641,0.995271720536011,1.01153660907746,1.0033821936482,1.01153660907746,1.01153660907746,1.01310380179499
163,169,1.00638770817601,0.0049517504918869,0.99670555275106,0.998256678325209,1.0145464407935,1.00637958678715,1.0145464407935,1.0145464407935,1.01611601677084
164,170,1.00655804583452,0.00495109053805422,0.996877173825223,0.998428095458518,1.01471568690662,1.0065499279843,1.01471568690662,1.01471568690662,1.01628505090395
165,171,1.00738464114712,0.00495054711241172,0.997704810206027,0.999255570183263,1.01554137401265,1.00737653173831,1.01554137401265,1.01554137401265,1.0171105571765
166,172,1.01189077546099,0.00495822389458044,1.00219586680392,1.00374905835959,1.02006011675523,1.01188267710696,1.02006011675523,1.02006011675523,1.02163170638305
167,173,1.01425637932607,0.00496011886065708,1.00455772041322,1.00611152352104,1.02242881596467,1.01424829368331,1.02242881596467,1.02242881596467,1.02400098826689
168,174,1.01199454720049,0.00494935352880824,1.00231693941486,1.00386736963526,1.02014924738409,1.0119864786242,1.02014924738409,1.02014924738409,1.0217180080268
169,175,1.00931720231058,0.00493620042604938,0.999665312876469,1.00121162287648,1.01745023089233,1.00930915527308,1.01745023089233,1.01745023089233,1.01901482238219
170,176,1.01559698413622,0.00494496209364139,1.0059278613629,1.00747695647775,1.02374438814213,1.01558895844094,1.02374438814213,1.02374438814213,1.02531171626114
171,177,1.02572477175762,0.00496377195749589,1.01601872909536,1.01757377258203,1.03390308357935,1.02571676473711,1.03390308357935,1.03390308357935,1.03547631764451
172,178,1.02253009552828,0.00494894949530463,1.01285303928655,1.01440343804566,1.03068398760608,1.02252211138932,1.03068398760608,1.03068398760608,1.0322525249607
173,179,1.01760951740098,0.00492646164834196,1.00797643944851,1.00951979082041,1.02572636212987,1.01760156739977,1.02572636212987,1.02572636212987,1.02728777454215
174,180,1.0134977787002,0.00490471694695106,1.00390721134073,1.00544375394654,1.02157879178791,1.01348986675556,1.02157879178791,1.02157879178791,1.02313330897611
175,181,1.00721189696493,0.00487938492192683,0.99767088663341,0.999199483932445,1.01525118696648,1.00720401766824,1.01525118696648,1.01525118696648,1.01679768467734
176,182,1.0036105509678,0.00486307982523083,0.994101428405871,0.995624915606144,1.01162297977444,1.00360269615717,1.01162297977444,1.01162297977444,1.0131643117584
177,183,0.990293502544233,0.00482593671475498,0.980857135149746,0.982368935796968,0.998244809838538,0.990285663241259,0.998244809838538,0.998244809838538,0.999774420038514
178,184,0.972731930774521,0.00478094759215508,0.963383721902929,0.964881353504465,0.980609226155992,0.972724098048829,0.980609226155992,0.980609226155992,0.982124652367539
179,185,0.969638050939812,0.00477613648894416,0.960299297824582,0.961795402972964,0.977507448351232,0.969630209028445,0.977507448351232,0.977507448351232,0.979021368977831
180,186,0.967872470287575,0.00478161444868086,0.958523072593427,0.96002086719202,0.975750933130886,0.967864596039548,0.975750933130886,0.975750933130886,0.977266616670938
181,187,0.964136024369625,0.00478693154736801,0.954776342267478,0.956275757726471,0.972023314853654,0.964128102015798,0.972023314853654,0.972023314853654,0.973540728542062
182,188,0.962049767752201,0.00479814877021492,0.952668255197939,0.954171143521596,0.969955601499365,0.962041790965394,0.969955601499365,0.969955601499365,0.971476611714677
183,189,0.958140131465463,0.00480604441712254,0.948743311445032,0.9502486208675,0.966059052595672,0.958132095748577,0.966059052595672,0.966059052595672,0.967582617788622
184,190,0.956623833953832,0.00482123709692263,0.947197418099775,0.948707442570098,0.964567853163784,0.956615734534697,0.964567853163784,0.964567853163784,0.966096278124999
185,191,0.962619804752749,0.00485701061881468,0.953123471599671,0.954644689828377,0.970622784369022,0.962611635893681,0.970622784369022,0.970622784369022,0.972162560844192
186,192,0.970668578284115,0.00489911854984337,0.961089923688222,0.96262432728384,0.97874094414003,0.970660336086633,0.97874094414003,0.97874094414003,0.980294072594396
187,193,0.979138980682403,0.00494105194606812,0.969478334865979,0.971025873560525,0.987280438611614,0.979130669312933,0.987280438611614,0.987280438611614,0.988846859311805
188,194,0.987609731127047,0.00497948860170862,0.977873914113657,0.979433499400063,0.995814509497936,0.987601362345804,0.995814509497936,0.995814509497936,0.997393107219722
189,195,0.993430847907226,0.00500680237719549,0.98364161769688,0.985209761592524,1.00168062578386,0.993422436641572,1.00168062578386,1.00168062578386,1.00326787863219
190,196,0.995890312795886,0.00502117513979047,0.986072990620106,0.987645632331164,1.00416377852116,0.995881874061392,1.00416377852116,1.00416377852116,1.00575559158938
191,197,0.999590867808902,0.00503509933237579,0.989746298647003,0.991323310464319,1.00788726312707,0.999582413620966,1.00788726312707,1.00788726312707,1.00948348140916
192,198,0.99606072102069,0.00502862193970375,0.986228870537184,0.987803832015904,1.00434647579161,0.99605225868505,1.00434647579161,1.00434647579161,1.0059406622452
193,199,0.986112578051638,0.00500448717341198,0.976328040961103,0.977895393346774,0.994358640522152,0.986104112198211,0.994358640522152,0.994358640522152,0.995945225874298
194,200,0.977618934961377,0.00498454413615484,0.967873501615555,0.969434563367466,0.985832203518597,0.977610463479944,0.985832203518597,0.985832203518597,0.987412511022666
195,201,0.971329354798989,0.00497366087015821,0.96160530259163,0.963162914870759,0.979524751938796,0.971320865655084,0.979524751938796,0.979524751938796,0.981101650096018
196,202,0.97855203489441,0.0050019960611162,0.968772542334355,0.970339045134716,0.98679409657195,0.978543512123022,0.98679409657195,0.98679409657195,0.988379961646345
197,203,0.988711415854999,0.0050413630177692,0.97885489545952,0.980433751268345,0.997018308321482,0.988702847361533,0.997018308321482,0.997018308321482,0.998616630277155
198,204,0.995737059642011,0.00507204597739784,0.985820525224462,0.987409000240594,1.00409449504027,0.995728447726314,1.00409449504027,1.00409449504027,1.00570253485115
199,205,1.00619665651267,0.00510713667346739,0.996211427449644,0.997810927182146,1.01461186011034,1.00618801578788,1.01461186011034,1.01461186011034,1.01623099008705
200,206,1.01398537342904,0.00513050377722962,1.00395438050862,1.00556122951482,1.02243903346287,1.0139767204347,1.02243903346287,1.02243903346287,1.0240655405877
201,207,1.01886604614101,0.005141462101717,1.00881356208817,1.01042386941816,1.02733772321057,1.01885739777068,1.02733772321057,1.02733772321057,1.02896767815435
202,208,1.0251626499602,0.005151375986072,1.01509067824688,1.01670413217336,1.03365060007812,1.02515402152944,1.03365060007812,1.03365060007812,1.03528365631928
203,209,1.0213429291522,0.00513244133072788,1.01130797971802,1.01291550265965,1.02979968127386,1.02133433200237,1.02979968127386,1.02979968127386,1.03142673546527
204,210,1.0144536625643,0.00510323686079607,1.00447583956015,1.00607420511274,1.02286230975228,1.01444510525299,1.02286230975228,1.02286230975228,1.02448011604832
205,211,1.00911354084551,0.00507797979173131,0.99918510800667,1.00077555982894,1.01748057632407,1.00910502319147,1.01748057632407,1.01748057632407,1.01909037879524
206,212,0.997790959307216,0.00504031261871462,0.987936265633225,0.989514882976504,1.00609598548765,0.997782472321493,1.00609598548765,1.00609598548765,1.00769388380654
207,213,0.990647770806577,0.00501666157322531,0.980839378808349,0.982410564861398,0.998913862343551,0.99063930265882,0.998913862343551,0.998913862343551,1.00050428657548
208,214,0.976817287886732,0.00498052155027607,0.967079719533721,0.968639521365496,0.985023928426399,0.976808823131858,0.985023928426399,0.985023928426399,0.986602960728744
209,215,0.972912546590431,0.00497433898027836,0.963187132562958,0.964744971578867,0.981109039576234,0.972904068949405,0.981109039576234,0.981109039576234,0.982686138337729
210,216,0.961230651367585,0.00495361274258485,0.95154595027874,0.953097222301656,0.969393106447415,0.961222142053492,0.969393106447415,0.969393106447415,0.970963710171373
211,217,0.956019425778755,0.00495380101730165,0.946334489573688,0.947885767532493,0.964182270476641,0.956010869430487,0.964182270476641,0.964182270476641,0.965752986989835
212,218,0.953207519943543,0.00496462249970595,0.943501552679003,0.945056169333421,0.961388271133481,0.953198900821114,0.961388271133481,0.961388271133481,0.962962468954192
213,219,0.949316320081018,0.00497645314365197,0.939587383265298,0.941145640889024,0.957516661228309,0.949307624333339,0.957516661228309,0.957516661228309,0.959094674097466
214,220,0.94506482077013,0.00498966852396763,0.935310225837579,0.936872550618105,0.953287044773399,0.945056039449771,0.953287044773399,0.953287044773399,0.954869319205477
215,221,0.945732931152125,0.00501780400555191,0.935923456421176,0.937494541354359,0.95400159215737,0.945724056795103,0.95400159215737,0.95400159215737,0.955592838105205
216,222,0.929947979482781,0.00500391659835565,0.920166010460249,0.921732604976411,0.938193968852123,0.929939004379186,0.938193968852123,0.938193968852123,0.939780953261199
217,223,0.922588456112553,0.00501377152285647,0.912787477126135,0.914357055266711,0.930850837706366,0.922579373745537,0.930850837706366,0.930850837706366,0.932441049423441
218,224,0.913291867364802,0.00502263818687341,0.903473865679162,0.90504609598064,0.921569045645061,0.913282660067536,0.921569045645061,0.921569045645061,0.923162193342507
219,225,0.901344288600472,0.00502948161905749,0.891513293913161,0.893087513234913,0.909632973946482,0.901334933818212,0.909632973946482,0.909632973946482,0.911228445723995
220,226,0.886265960861775,0.00503235390317025,0.876429820691401,0.878004752103381,0.894559659571012,0.886256436054498,0.894559659571012,0.894559659571012,0.896156229705397
221,227,0.865405730605751,0.0050238774677147,0.855586764235711,0.857158801306972,0.873685821013718,0.865396009040666,0.873685821013718,0.873685821013718,0.87527994380598
222,228,0.839109591083673,0.00500561908325298,0.829327070968686,0.830893091418759,0.847360042923875,0.839099637608452,0.847360042923875,0.847360042923875,0.848948675953143
223,229,0.820513578113939,0.00501911232827746,0.81070541051584,0.812275364399297,0.828786700933185,0.820503344103852,0.828786700933185,0.828786700933185,0.830379904720995
224,230,0.80583619552946,0.00505706243925737,0.79595462812813,0.797536149353227,0.814172326186939,0.805825616944146,0.814172326186939,0.814172326186939,0.815777880129964
225,231,0.793321320123284,0.00511447799492007,0.783328394031377,0.784927539525009,0.801752591465362,0.793310329275873,0.801752591465362,0.801752591465362,0.803376706263026
226,232,0.779181954029189,0.00517720301746482,0.76906744331554,0.770685814255282,0.787717206881517,0.779170487575677,0.787717206881517,0.787717206881517,0.789361627617423
227,233,0.778025821067602,0.00529306009360278,0.767685762633516,0.769340032035046,0.786752554082554,0.778013817863444,0.786752554082554,0.786752554082554,0.788434092682445
228,234,0.785631014816548,0.00545025408446422,0.774984570616076,0.776687691969394,0.79461732942896,0.785618411281172,0.79461732942896,0.79461732942896,0.796349083826981
229,235,0.803491388007917,0.00565250625934388,0.792450390815208,0.79421650438804,0.812811485452406,0.803478133050124,0.812811485452406,0.812811485452406,0.814607711986985
230,236,0.820546351654886,0.00585567017974277,0.809109079623923,0.810938446771187,0.83020177041124,0.8205324224114,0.83020177041124,0.83020177041124,0.832062782378432
231,237,0.840981032780895,0.00606751997795652,0.829130428886316,0.831025799738959,0.850986040280467,0.840966440820757,0.850986040280467,0.850986040280467,0.852914561528598
232,238,0.856692924866827,0.00625439944302958,0.844477832384641,0.846431377570339,0.867006389968785,0.856677704559486,0.867006389968785,0.867006389968785,0.868994513043833
233,239,0.871624032108799,0.00642796876734858,0.859070403953794,0.861077982951218,0.882223981242479,0.871608230705219,0.882223981242479,0.882223981242479,0.884267458277239
234,240,0.883136506613559,0.00657849191213797,0.870289375546706,0.87234378092715,0.89398495024355,0.883120172251804,0.89398495024355,0.89398495024355,0.896076464447885
235,241,0.89813063504205,0.0067327193912903,0.884982616097747,0.88708506475111,0.90923359209598,0.898113811446581,0.90923359209598,0.90923359209598,0.911374261025923
236,242,0.917670634307538,0.00689607661358268,0.90420372299363,0.906357135771777,0.92904305620616,0.917653360240011,0.92904305620616,0.92904305620616,0.931235712654458
237,243,0.937715659516487,0.00705248742935814,0.923943344691053,0.926145582870394,0.94934604537741,0.937697979170384,0.94934604537741,0.94934604537741,0.951588450220858
238,244,0.939604893491947,0.00712824902420099,0.925685072585067,0.927910791748414,0.951360483273407,0.939586867560267,0.951360483273407,0.951360483273407,0.953627154209448
239,245,0.941004560036057,0.00718826914366104,0.926967892140304,0.929212209193867,0.952859345730858,0.940986256534744,0.952859345730858,0.952859345730858,0.955145245145598
240,246,0.943901929845038,0.00724643405114172,0.929751944972946,0.9320143176036,0.955852796664085,0.943883386031889,0.955852796664085,0.955852796664085,0.958157297601503
241,247,0.946125460063778,0.00730016822844885,0.931870818093354,0.934149859793697,0.958165105615385,0.946106684446662,0.958165105615385,0.958165105615385,0.960486802239643
242,248,0.944860061288741,0.00733950763865516,0.93052896566646,0.9328201444731,0.956964802201204,0.944841057352967,0.956964802201204,0.956964802201204,0.959299154630515
243,249,0.939318836278451,0.00736092655553967,0.924946397965854,0.927244072053136,0.951459188146973,0.939299608500307,0.951459188146973,0.951459188146973,0.953800544385852
244,250,0.932712231489646,0.00737811969239159,0.918306741225846,0.920609575707623,0.944881248402957,0.932692776954618,0.944881248402957,0.944881248402957,0.94722828018631
245,251,0.930490779189605,0.00741550515780519,0.916012711295759,0.918327048739819,0.942721705024491,0.930471080083497,0.942721705024491,0.942721705024491,0.945080795391202
246,252,0.917534894126126,0.00741443851685652,0.903059693114309,0.905373385337482,0.929764527511315,0.917514922611095,0.929764527511315,0.929764527511315,0.932123591519354
247,253,0.905188720506006,0.00741933044200613,0.890704783882412,0.893019678178192,0.917426907748785,0.905168449873003,0.917426907748785,0.917426907748785,0.919787853369668
248,254,0.888629229014516,0.00741296944428024,0.874158735475068,0.876471236903271,0.900857533817101,0.888608616034595,0.900857533817101,0.900857533817101,0.903216864318155
249,255,0.872542736528441,0.00741737172552919,0.858064768832005,0.860378197950275,0.884778969173083,0.87252171858269,0.884778969173083,0.884778969173083,0.887140147370462
250,256,0.860801452707556,0.00745177914084058,0.846257429087393,0.848581150203027,0.873095102950591,0.860779949969,0.873095102950591,0.873095102950591,0.875467674504243
251,257,0.852705178378409,0.00751522777662232,0.838038436996964,0.840381498465966,0.865104168716364,0.852683100255752,0.865104168716364,0.865104168716364,0.867497387789397
252,258,0.850640958050726,0.00761781598225624,0.835775032981302,0.838149669831478,0.863209814576787,0.850618218004338,0.863209814576787,0.863209814576787,0.86563611279993
253,259,0.860438948752589,0.00778430780936345,0.845248797151011,0.847675063648532,0.873282907492385,0.860415474240248,0.873282907492385,0.873282907492385,0.87576250393646
254,260,0.870958095716195,0.00796101288574911,0.85542383340101,0.85790489468155,0.884094035501962,0.870933839894673,0.884094035501962,0.884094035501962,0.886630201721843
255,261,0.886740489618511,0.00816137895147446,0.870815745287927,0.873359055652871,0.900207331886302,0.886715451187389,0.900207331886302,0.900207331886302,0.902807525138671
256,262,0.905380335016461,0.00836881371400448,0.88905115247588,0.891658979807149,0.919189646387199,0.905354549651037,0.919189646387199,0.919189646387199,0.921856053506844
257,263,0.921794283327149,0.00855532682531776,0.905101484315091,0.907767309353244,0.935911540867443,0.921767815656153,0.935911540867443,0.935911540867443,0.938637495769862
258,264,0.927848741016882,0.00867906750809661,0.910915104781213,0.913619248253315,0.94217054158573,0.927821679917049,0.94217054158573,0.94217054158573,0.944936163084103
259,265,0.924974247070497,0.00874565283825533,0.907911536834357,0.910636092121383,0.939406422887752,0.924946683766762,0.939406422887752,0.939406422887752,0.942193597114682
260,266,0.919294571063249,0.00878913295897837,0.902147914449019,0.904885663842295,0.933799023018431,0.919266561020857,0.933799023018431,0.933799023018431,0.936600406257606
261,267,0.914006721023555,0.0088331476095179,0.896775065194685,0.89952617920346,0.928584325220759,0.913978266066917,0.928584325220759,0.928584325220759,0.931400083836579
262,268,0.912405848689818,0.00889950891569193,0.895045494242593,0.897816974867792,0.92709342164085,0.912376913900723,0.92709342164085,0.92709342164085,0.929930636962692
263,269,0.910032205864195,0.0089681198970961,0.892538870883685,0.895331376342928,0.924833523639087,0.910002746572866,0.924833523639087,0.924833523639087,0.927692955365584
264,270,0.913508374552794,0.00907001306857305,0.895816923713786,0.898640902864512,0.928478239769177,0.913478356708491,0.928478239769177,0.928478239769177,0.931370414116176
265,271,0.921486672028118,0.00919740821452761,0.903547188589055,0.906410650801427,0.936667071756213,0.921456072266152,0.936667071756213,0.936667071756213,0.9396000511753
266,272,0.934566259075405,0.00935033892959597,0.916328698164649,0.919239688166478,0.949999198668902,0.934535075868359,0.949999198668902,0.949999198668902,0.952981031359368
267,273,0.94623667124819,0.00949135964123714,0.927724284888998,0.930679086088261,0.961902505995993,0.946204936632726,0.961902505995993,0.961902505995993,0.964929402584083
268,274,0.954505491617855,0.00960527668025062,0.935771212509395,0.938761359904945,0.970359526566488,0.954473272216556,0.970359526566488,0.970359526566488,0.973422870695976
269,275,0.952913575536269,0.00965746697053145,0.934078160823363,0.937084293790398,0.968854143675244,0.952880950646673,0.968854143675244,0.968854143675244,0.97193439456909
270,276,0.953236561322001,0.00970973171628229,0.934299686593451,0.937321899595898,0.96926367910789,0.953203593531307,0.96926367910789,0.96926367910789,0.972360789044166
271,277,0.94582230484793,0.00971929047968499,0.926867618824602,0.929892476453542,0.96186569408921,0.945789013176474,0.96186569408921,0.96186569408921,0.964966184445752
272,278,0.93550402382205,0.00971431348126333,0.916560041603294,0.919582953495548,0.951539789962037,0.935470399422443,0.951539789962037,0.951539789962037,0.954639090474068
273,279,0.925849606060025,0.00971729431905711,0.906900840969447,0.909924270755945,0.941890904302313,0.925815610188612,0.941890904302313,0.941890904302313,0.94499156661898
274,280,0.921741218556091,0.00975838389610493,0.902713176229856,0.905749053493403,0.937850850567456,0.921706781767024,0.937850850567456,0.937850850567456,0.940964962041162
275,281,0.920142236620761,0.0098232715857334,0.900988499127253,0.904044232982803,0.936359481417983,0.920107279701767,0.936359481417983,0.936359481417983,0.939494631119706
276,282,0.922082255705729,0.00991486296457774,0.902750654998714,0.90583459209232,0.938451138845362,0.922046718805983,0.938451138845362,0.938451138845362,0.94161580939208
277,283,0.919421112546476,0.00998545286677044,0.89995290294717,0.903058389080274,0.93590714360557,0.919384963506383,0.93590714360557,0.93590714360557,0.939094753857152
278,284,0.923770683410116,0.0100947994916536,0.904089930742601,0.907229167173783,0.940437629219634,0.923733912287355,0.940437629219634,0.940437629219634,0.943660403024424
279,285,0.933955385310346,0.0102373177505968,0.913997105433672,0.917180532172818,0.950857827950479,0.933917980979563,0.950857827950479,0.950857827950479,0.954126230595456
280,286,0.944336722306251,0.0103798338250245,0.924100898807025,0.927328523396405,0.961474645898423,0.944298692023096,0.961474645898423,0.961474645898423,0.964788668442464
281,287,0.946929234991344,0.0104724207745309,0.926513584239579,0.929769730885477,0.964220426823665,0.946890629219516,0.964220426823665,0.964220426823665,0.967564278825693
282,288,0.948567140754166,0.0105494073934776,0.928002029665075,0.931281865892979,0.965985815875736,0.948528032933598,0.965985815875736,0.965985815875736,0.969354498019208
283,289,0.949967185620885,0.0106183017735079,0.929268338000534,0.932569368308227,0.967499952073099,0.94992762372883,0.967499952073099,0.967499952073099,0.970890859860456
284,290,0.952050781526895,0.0106884324236091,0.93121572441588,0.934538358200797,0.969699643212129,0.952010783053224,0.969699643212129,0.969699643212129,0.97311314630741
285,291,0.95257597539472,0.0107486562896012,0.931624106343778,0.934965229705732,0.970324625211893,0.95253554721427,0.970324625211893,0.970324625211893,0.973757594095784
286,292,0.948413922231447,0.0107809119044478,0.927400035175477,0.930750844445901,0.966216341866069,0.948373072566991,0.966216341866069,0.966216341866069,0.96965995418702
287,293,0.940939875664637,0.0107933206051839,0.919902864100768,0.923257107849056,0.958763415623006,0.940898606693648,0.958763415623006,0.958763415623006,0.962211415001706
288,294,0.937673886756409,0.0108323817101594,0.91656158289534,0.9199276314504,0.955562428820631,0.937632173758914,0.955562428820631,0.955562428820631,0.959023241746916
289,295,0.935213183965121,0.0108826677617057,0.914003743798648,0.917385071930035,0.953185284720164,0.935170972018418,0.953185284720164,0.953185284720164,0.956662510737581
290,296,0.93397608535694,0.0109463685584741,0.912643368067574,0.91604414248733,0.952053900476285,0.933933321232288,0.952053900476285,0.952053900476285,0.955551827222734
291,297,0.938266746684961,0.0110468448800597,0.916738779205673,0.920170545816124,0.956510830624988,0.938223393065197,0.956510830624988,0.956510830624988,0.960041088783113
292,298,0.938947846212745,0.0111283806804042,0.917261811466263,0.920718578245693,0.957327079454816,0.938903882171451,0.957327079454816,0.957327079454816,0.960883724541456
293,299,0.935653587327122,0.0111847973023303,0.913858698163837,0.917332558026806,0.954126639635984,0.935609020038194,0.954126639635984,0.954126639635984,0.9577017482654
