Date,State,Confirmed,New Cases,T,H,Rt,TJ,DI,SL,GA,MT
08/02/2020,Kerala,3,0,28.67,79.0,1.0652536120137701,0,0,0,0,0
09/02/2020,Kerala,3,0,29.0,76.0,0.503214037126216,0,0,0,0,0
10/02/2020,Kerala,3,0,29.0,79.0,0.517751760781395,0,0,0,0,0
11/02/2020,Kerala,3,0,29.33,78.0,0.600186004985695,0,0,0,0,0
12/02/2020,Kerala,3,0,29.33,76.0,0.766755337276243,0,0,0,0,0
13/02/2020,Kerala,3,0,29.33,79.0,1.03468855248486,0,0,0,0,0
14/02/2020,Kerala,3,0,29.33,78.0,1.42370739177861,0,0,0,0,0
15/02/2020,Kerala,3,0,29.0,78.0,1.93882628078609,0,0,0,0,0
16/02/2020,Kerala,3,0,29.67,73.0,2.54926824754216,0,0,0,0,0
17/02/2020,Kerala,3,0,29.0,76.0,3.1827345751296603,0,0,0,0,0
18/02/2020,Kerala,3,0,28.33,72.0,3.7525403561776,0,0,0,0,0
19/02/2020,Kerala,3,0,28.67,71.0,4.20022055800838,0,0,0,0,0
20/02/2020,Kerala,3,0,28.0,72.0,4.514286894872111,0,0,0,0,0
21/02/2020,Kerala,3,0,29.67,67.0,4.716526602742269,0,0,0,0,0
22/02/2020,Kerala,3,0,29.0,73.0,4.83912807855316,0,0,0,0,0
23/02/2020,Kerala,3,0,29.33,67.0,4.9104723741888305,0,0,0,0,0
24/02/2020,Kerala,3,0,29.33,67.0,4.9508640695827095,0,0,0,0,0
25/02/2020,Kerala,3,0,29.33,65.0,4.973307127072379,0,0,0,0,0
26/02/2020,Kerala,3,0,29.67,66.0,4.985613089837651,0,0,0,0,0
27/02/2020,Kerala,3,0,29.33,68.0,4.9922947968479106,0,0,0,0,0
28/02/2020,Kerala,3,0,30.0,65.0,4.99589515761551,0,0,0,0,0
29/02/2020,Kerala,3,0,19.33,40.0,4.997823175874809,0,0,0,0,0
01/03/2020,Kerala,3,0,29.33,65.0,4.99885025738592,0,0,0,0,0
02/03/2020,Kerala,3,0,30.0,67.0,4.999394921975799,0,0,0,0,0
03/03/2020,Kerala,3,0,29.0,79.0,4.999682602589259,0,0,0,0,0
04/03/2020,Kerala,3,0,29.67,71.0,4.99983400315992,0,0,0,0,0
05/03/2020,Kerala,3,0,18.67,53.0,4.999913422327389,0,0,0,0,0
06/03/2020,Kerala,3,0,29.67,70.0,4.9999549584765,0,0,0,0,0
07/03/2020,Kerala,3,0,29.33,71.0,4.999976622298269,0,0,0,0,0
08/03/2020,Kerala,8,5,29.67,69.0,29.9999273568093,0,0,0,0,0
09/03/2020,Kerala,9,1,29.67,71.0,24.6427799471619,0,0,0,0,0
10/03/2020,Kerala,15,6,30.0,70.0,14.531755972940301,0,0,0,0,0
11/03/2020,Kerala,17,2,29.67,72.0,7.176919921041191,0,0,0,0,0
12/03/2020,Kerala,17,0,20.0,45.0,3.74087488313113,0,0,0,0,0
13/03/2020,Kerala,19,2,30.33,62.0,2.65282948098229,0,0,0,0,0
14/03/2020,Kerala,19,0,29.67,67.0,1.94518049277122,0,0,0,0,0
15/03/2020,Kerala,22,3,29.33,72.0,1.38600337996357,0,0,0,0,0
16/03/2020,Kerala,23,1,30.0,66.0,1.1990366458064299,0,0,0,1,0
17/03/2020,Kerala,26,3,31.0,60.0,0.8850683044449821,0,0,0,2,0
18/03/2020,Kerala,27,1,31.0,65.0,0.7853072101059541,0,0,0,3,0
19/03/2020,Kerala,27,0,29.67,69.0,0.7956404198188929,0,0,0,4,0
20/03/2020,Kerala,28,1,30.33,73.0,0.759337276694612,0,0,0,5,0
21/03/2020,Kerala,40,12,30.0,75.0,1.7794391188951697,0,0,0,6,0
22/03/2020,Kerala,52,12,30.33,70.0,2.6378191737435097,1,0,0,7,0
23/03/2020,Kerala,67,15,30.0,70.0,3.56912093493241,2,0,0,8,0
24/03/2020,Kerala,95,28,30.0,71.0,4.45991127380915,3,0,0,9,0
25/03/2020,Kerala,109,14,29.67,69.0,3.86274435832105,4,0,0,10,0
26/03/2020,Kerala,118,9,30.0,67.0,2.9858935212484803,5,0,0,11,0
27/03/2020,Kerala,137,19,20.67,39.0,2.57209816885754,6,0,0,12,0
28/03/2020,Kerala,176,39,30.0,69.0,2.46184290540379,7,0,0,13,0
29/03/2020,Kerala,182,6,30.0,70.0,1.88905836872398,8,0,0,14,0
30/03/2020,Kerala,202,20,30.0,72.0,1.6091422140251002,9,0,0,15,0
31/03/2020,Kerala,234,32,30.33,69.0,1.41849237483874,10,0,0,16,0
01/04/2020,Kerala,241,7,30.0,70.0,1.20572607447354,11,0,0,17,0
02/04/2020,Kerala,265,24,29.67,71.0,1.2401754381586398,12,0,0,18,0
03/04/2020,Kerala,286,21,30.33,69.0,1.19432406726706,13,0,0,19,0
04/04/2020,Kerala,295,9,30.67,69.0,0.9172905671868059,14,0,0,20,0
05/04/2020,Kerala,306,11,28.093453237410067,75.90647482014387,0.924062061767745,15,0,0,21,0
06/04/2020,Kerala,314,8,30.0,70.0,0.8308008453320341,16,0,0,22,0
07/04/2020,Kerala,327,13,30.33,72.0,0.7027933739546961,17,0,0,23,0
08/04/2020,Kerala,336,9,29.67,68.0,0.742175530742295,18,0,0,24,0
09/04/2020,Kerala,345,9,29.67,72.0,0.6613793536628979,19,0,0,25,0
10/04/2020,Kerala,357,12,20.0,51.0,0.627840279923081,20,0,0,26,0
11/04/2020,Kerala,364,7,30.67,70.0,0.6582736669022429,21,0,0,27,0
12/04/2020,Kerala,374,10,30.67,68.0,0.7073467945117441,22,0,0,28,0
13/04/2020,Kerala,376,2,31.0,65.0,0.7051527630994041,23,0,0,29,0
14/04/2020,Kerala,379,3,31.0,68.0,0.6425984743335121,24,0,0,30,1
15/04/2020,Kerala,387,8,31.0,68.0,0.679343895430248,25,0,0,31,2
16/04/2020,Kerala,388,1,30.33,71.0,0.622603715610438,26,0,0,32,3
17/04/2020,Kerala,395,7,30.67,71.0,0.5999949951347571,27,0,0,33,4
18/04/2020,Kerala,396,1,31.33,70.0,0.555359395480296,28,0,0,34,5
19/04/2020,Kerala,400,4,31.33,67.0,0.501725007514558,29,0,0,35,6
20/04/2020,Kerala,402,2,31.0,69.0,0.560541627244218,30,0,0,36,7
21/04/2020,Kerala,408,6,28.33,78.0,0.7050812388358539,31,0,0,37,8
22/04/2020,Kerala,427,19,29.0,75.0,1.09004199590845,32,0,0,38,9
23/04/2020,Kerala,438,11,18.67,54.0,1.4880089266003702,33,0,0,39,10
24/04/2020,Kerala,448,10,30.33,73.0,1.60815105460653,34,0,0,40,11
25/04/2020,Kerala,451,3,31.0,73.0,1.56792784112484,35,0,0,41,12
26/04/2020,Kerala,458,7,28.67,78.0,1.4929267990623,36,0,0,42,13
27/04/2020,Kerala,469,11,31.0,66.0,1.5551703180794498,37,0,0,43,14
28/04/2020,Kerala,482,13,27.0,87.0,1.5669108668436798,38,0,0,44,15
29/04/2020,Kerala,486,4,30.33,72.0,1.1450500189189798,39,0,0,45,16
30/04/2020,Kerala,496,10,29.67,78.0,1.0306415392647,40,0,0,46,17
01/05/2020,Kerala,497,1,30.33,71.0,0.8289964807413779,41,0,0,47,18
02/05/2020,Kerala,497,0,31.0,69.0,0.7698146426979509,42,0,0,48,19
03/05/2020,Kerala,500,3,30.67,74.0,0.7207026254408209,43,0,0,49,20
04/05/2020,Kerala,500,0,31.0,64.0,0.562996396341284,44,0,0,50,21
05/05/2020,Kerala,500,0,28.093453237410067,75.90647482014387,0.357191835685765,45,0,0,51,22
06/05/2020,Kerala,502,2,29.67,76.0,0.351481257437533,46,0,0,52,23
07/05/2020,Kerala,503,1,29.0,83.0,0.19049961061526702,47,0,0,53,24
08/05/2020,Kerala,503,0,27.33,89.0,0.199953467200626,48,0,0,54,25
09/05/2020,Kerala,503,0,28.67,84.0,0.25036587323495896,49,0,0,55,26
10/05/2020,Kerala,505,2,30.0,81.0,0.27849709170880604,50,0,0,56,27
11/05/2020,Kerala,512,7,29.0,81.0,0.7924173081206078,51,0,0,57,28
12/05/2020,Kerala,519,7,29.33,80.0,1.5748348200365099,52,0,0,58,29
13/05/2020,Kerala,524,5,29.0,81.0,2.09995246227276,53,0,0,59,30
14/05/2020,Kerala,534,10,19.67,53.0,2.80747784312052,54,0,0,60,31
15/05/2020,Kerala,560,26,29.33,80.0,4.30009757817945,55,0,0,61,32
16/05/2020,Kerala,576,16,29.67,78.0,4.2656865643500295,56,0,0,62,33
17/05/2020,Kerala,587,11,29.33,83.0,3.3830272427535295,57,0,0,63,34
18/05/2020,Kerala,601,14,27.0,87.0,2.57222797829672,58,0,0,64,35
19/05/2020,Kerala,630,29,29.0,83.0,2.3880536653051,59,0,0,65,36
20/05/2020,Kerala,642,12,20.67,47.0,2.02176145412171,60,0,0,66,37
21/05/2020,Kerala,666,24,19.0,56.0,1.86322317459932,61,0,0,67,38
22/05/2020,Kerala,690,24,28.0,84.0,1.55770310168111,62,0,0,68,39
23/05/2020,Kerala,732,42,31.0,75.0,1.6270389175704398,63,0,0,69,40
24/05/2020,Kerala,795,63,20.67,49.0,1.9419122012302,64,0,0,70,41
25/05/2020,Kerala,847,52,30.0,79.0,2.0640226549248504,65,0,0,71,42
26/05/2020,Kerala,896,49,30.33,78.0,1.94655262408417,66,0,0,72,43
27/05/2020,Kerala,963,67,30.33,78.0,2.00095989313031,67,0,0,73,44
28/05/2020,Kerala,1004,41,28.33,79.0,1.8007940679963002,68,0,0,74,45
29/05/2020,Kerala,1088,84,28.0,84.0,1.8214521971397502,69,0,0,75,46
30/05/2020,Kerala,1150,62,30.0,80.0,1.66547400810562,70,0,0,76,47
31/05/2020,Kerala,1208,58,30.0,80.0,1.4453018847063601,71,0,0,77,48
01/06/2020,Kerala,1269,61,28.67,83.0,1.31621936443057,72,0,0,78,49
02/06/2020,Kerala,1326,57,27.67,86.0,1.2271287653411398,73,0,0,79,50
03/06/2020,Kerala,1412,86,29.67,78.0,1.20143077337937,74,0,0,80,51
04/06/2020,Kerala,1494,82,29.33,84.0,1.2501245506164398,75,0,0,81,52
05/06/2020,Kerala,1588,94,27.67,89.0,1.2252895766154,76,0,0,82,53
06/06/2020,Kerala,1699,111,27.0,89.0,1.28875877735323,77,0,0,83,54
07/06/2020,Kerala,1807,108,26.67,89.0,1.34372628344093,78,0,0,84,55
08/06/2020,Kerala,1914,107,29.33,76.0,1.37452347471111,79,0,0,85,56
09/06/2020,Kerala,2005,91,30.0,76.0,1.36206632682236,80,0,0,86,57
10/06/2020,Kerala,2096,91,28.0,84.0,1.2832959160288302,81,0,0,87,58
11/06/2020,Kerala,2161,65,28.0,81.0,1.17086698304346,82,0,0,88,59
12/06/2020,Kerala,2244,83,29.67,78.0,1.08796977339746,83,0,0,89,60
13/06/2020,Kerala,2322,78,19.67,50.0,0.992856406430175,84,0,0,90,61
14/06/2020,Kerala,2407,85,28.0,84.0,0.9351811728757371,85,0,0,91,62
15/06/2020,Kerala,2461,54,30.33,75.0,0.8484208738526321,86,0,0,92,63
16/06/2020,Kerala,2543,82,29.67,75.0,0.8430522129472908,87,0,0,93,64
17/06/2020,Kerala,2622,79,19.33,54.0,0.845342444131557,88,0,0,94,65
18/06/2020,Kerala,2697,75,29.67,73.0,0.89115874899849,89,0,1,95,66
19/06/2020,Kerala,2794,97,28.33,78.0,0.9469092217261229,90,0,2,96,67
20/06/2020,Kerala,2912,118,29.67,75.0,1.0449137118496898,91,0,3,97,68
21/06/2020,Kerala,3039,127,28.0,82.0,1.13732671345352,92,0,4,98,69
22/06/2020,Kerala,3172,133,28.67,76.0,1.27713572070004,93,0,5,99,70
23/06/2020,Kerala,3310,138,29.67,73.0,1.3475495269573603,94,0,6,100,71
24/06/2020,Kerala,3451,141,30.0,73.0,1.3929326727620899,95,0,7,101,72
25/06/2020,Kerala,3603,152,28.33,79.0,1.43142760700955,96,0,8,102,73
26/06/2020,Kerala,3726,123,26.67,84.0,1.3717387023753702,97,0,9,103,74
27/06/2020,Kerala,3876,150,27.67,81.0,1.31567408108134,98,0,10,104,75
28/06/2020,Kerala,4071,195,18.67,56.0,1.31159186823188,99,0,11,105,76
29/06/2020,Kerala,4189,118,27.67,86.0,1.21413855824872,100,0,12,106,77
30/06/2020,Kerala,4189,0,28.67,75.0,0.991816635896226,101,0,13,107,78
01/07/2020,Kerala,4442,253,29.0,76.0,1.0702857998216,102,0,14,108,79
02/07/2020,Kerala,4593,151,29.0,75.0,1.05015751231971,103,0,15,109,80
03/07/2020,Kerala,4753,160,28.0,77.0,1.08036478717447,104,0,16,110,81
04/07/2020,Kerala,4964,211,28.33,81.0,1.13336342701639,105,0,17,111,82
05/07/2020,Kerala,5204,240,29.33,82.0,1.16332970138732,106,0,18,112,83
06/07/2020,Kerala,5429,225,27.67,82.0,1.24470152744773,107,0,19,113,84
07/07/2020,Kerala,5622,193,29.33,74.0,1.3942906255784198,108,0,20,114,85
08/07/2020,Kerala,5894,272,29.0,71.0,1.35218840785243,109,0,21,115,86
09/07/2020,Kerala,6195,301,28.33,77.0,1.40158631232544,110,0,22,116,87
10/07/2020,Kerala,6534,339,28.33,74.0,1.45407453393036,111,0,23,117,88
11/07/2020,Kerala,6950,416,28.67,79.0,1.5082949020438998,112,0,24,118,89
12/07/2020,Kerala,7438,488,28.33,79.0,1.56716258261668,113,0,25,119,90
13/07/2020,Kerala,7873,435,28.67,81.0,1.56988751989569,114,0,26,120,91
14/07/2020,Kerala,8322,449,29.33,72.0,1.57521284553289,115,0,27,121,92
15/07/2020,Kerala,8930,608,28.0,79.0,1.6033559304766798,116,0,28,122,93
16/07/2020,Kerala,9553,623,27.0,82.0,1.60393962050571,117,0,29,123,94
17/07/2020,Kerala,10275,722,27.0,79.0,1.6125251862738201,118,0,30,124,95
18/07/2020,Kerala,11066,791,28.33,71.0,1.59858702168433,119,0,31,125,96
19/07/2020,Kerala,11659,593,27.33,82.0,1.4762454100219597,120,0,32,126,97
20/07/2020,Kerala,12480,821,27.0,87.0,1.4547985057697799,121,0,33,127,98
21/07/2020,Kerala,13274,794,30.0,71.0,1.4277281327016003,122,0,34,128,99
22/07/2020,Kerala,13994,720,29.0,81.0,1.34488324314316,123,0,35,129,100
23/07/2020,Kerala,15032,1038,29.0,78.0,1.34759872168703,124,0,36,130,101
24/07/2020,Kerala,16110,1078,28.33,79.0,1.34011982825998,125,0,37,131,102
25/07/2020,Kerala,16995,885,29.33,76.0,1.2773970624433502,126,0,38,132,103
26/07/2020,Kerala,18098,1103,28.67,84.0,1.3038864176701699,127,0,39,133,104
27/07/2020,Kerala,19025,927,29.33,75.0,1.25220034670861,128,0,40,134,105
28/07/2020,Kerala,19727,702,28.33,84.0,1.16905468715752,129,0,41,135,106
29/07/2020,Kerala,20894,1167,25.33,91.0,1.1894356858660702,130,0,42,136,107
30/07/2020,Kerala,21797,903,27.33,81.0,1.1209465416428999,131,0,43,137,108
31/07/2020,Kerala,22303,506,28.33,79.0,0.9915819372149789,132,0,44,138,109
01/08/2020,Kerala,23613,1310,27.67,84.0,1.03211502499212,133,0,45,139,110
02/08/2020,Kerala,24742,1129,27.33,86.0,1.0256092217707902,134,0,46,140,111
03/08/2020,Kerala,25911,1169,27.67,84.0,1.05909401153097,135,0,47,141,112
04/08/2020,Kerala,26873,962,28.33,87.0,1.0937675944304301,136,0,48,142,113
05/08/2020,Kerala,27956,1083,29.0,83.0,1.0705743279402,137,0,49,143,114
06/08/2020,Kerala,29151,1195,27.33,91.0,1.09769803540171,138,0,50,144,115
07/08/2020,Kerala,30449,1298,26.33,91.0,1.19571346813993,139,0,51,145,116
08/08/2020,Kerala,31700,1251,25.33,96.0,1.16399818486975,140,0,52,146,117
09/08/2020,Kerala,33120,1420,25.33,94.0,1.17018446555721,141,0,53,147,118
10/08/2020,Kerala,34331,1211,27.0,86.0,1.1362785263365,142,0,54,148,119
11/08/2020,Kerala,35515,1184,18.33,61.0,1.1280230679337,143,0,55,149,120
12/08/2020,Kerala,36932,1417,28.67,82.0,1.13759318132045,144,0,56,150,121
13/08/2020,Kerala,38144,1212,28.67,82.0,1.11011190390052,145,0,57,151,122
14/08/2020,Kerala,39708,1564,29.0,79.0,1.1138028425551798,146,0,58,152,123
15/08/2020,Kerala,41277,1569,28.67,86.0,1.12475664848827,147,0,59,153,124
16/08/2020,Kerala,42885,1608,28.33,82.0,1.120975665405,148,0,60,154,125
17/08/2020,Kerala,44415,1530,28.33,87.0,1.13046282275622,149,0,61,155,126
18/08/2020,Kerala,46140,1725,29.0,84.0,1.16235531298332,150,0,62,156,127
19/08/2020,Kerala,47898,1758,29.0,79.0,1.1690935078596298,151,0,63,157,128
20/08/2020,Kerala,50231,2333,28.67,86.0,1.25103192276122,152,0,64,158,129
21/08/2020,Kerala,52199,1968,29.33,78.0,1.24973358740395,153,0,65,159,130
22/08/2020,Kerala,54182,1983,29.0,83.0,1.23748450951082,154,0,66,160,131
23/08/2020,Kerala,56354,2172,29.0,78.0,1.23159487216398,155,0,67,161,132
24/08/2020,Kerala,58262,1908,29.67,79.0,1.20813095020924,156,0,68,162,133
25/08/2020,Kerala,59504,1242,29.33,80.0,1.1149842351042099,157,0,69,163,134
26/08/2020,Kerala,61879,2375,29.0,81.0,1.12036544472959,158,0,70,164,135
27/08/2020,Kerala,64355,2476,29.0,78.0,1.09833610262396,159,0,71,165,136
28/08/2020,Kerala,66761,2406,29.0,78.0,1.10609202016883,160,0,72,166,137
29/08/2020,Kerala,69304,2543,29.33,76.0,1.12497635175609,161,0,73,167,138
30/08/2020,Kerala,71701,2397,30.0,75.0,1.11821406001042,162,0,74,168,139
31/08/2020,Kerala,73855,2154,30.0,73.0,1.11022246137349,163,0,75,169,140
01/09/2020,Kerala,75385,1530,29.0,77.0,1.1040327286728402,164,0,76,170,141
02/09/2020,Kerala,76525,1140,27.67,86.0,0.995243430961609,165,0,77,171,142
03/09/2020,Kerala,78072,1547,30.33,73.0,0.9140152080789951,166,0,78,172,143
04/09/2020,Kerala,79625,1553,29.33,81.0,0.851257930321268,167,0,79,173,144
05/09/2020,Kerala,82104,2479,29.33,81.0,0.856237843621501,168,0,80,174,145
06/09/2020,Kerala,84759,2655,26.0,94.0,0.896471518552565,169,0,81,175,146
07/09/2020,Kerala,87841,3082,28.0,79.0,0.9910576969055269,170,0,82,176,147
08/09/2020,Kerala,89489,1648,28.33,86.0,1.0258276676163398,171,0,83,177,148
09/09/2020,Kerala,92515,3026,27.0,89.0,1.17593258997641,172,0,84,178,149
10/09/2020,Kerala,95917,3402,27.67,89.0,1.30675944177189,173,0,85,179,150
11/09/2020,Kerala,99266,3349,29.0,83.0,1.40165329151906,174,0,86,180,151
12/09/2020,Kerala,102254,2988,27.0,87.0,1.3669477741389702,175,0,87,181,152
13/09/2020,Kerala,105139,2885,27.0,89.0,1.29118932727537,176,0,88,182,153
14/09/2020,Kerala,108278,3139,28.33,84.0,1.2073960653528502,177,0,89,183,154
15/09/2020,Kerala,110818,2540,28.33,86.0,1.18754322620745,178,0,90,184,155
16/09/2020,Kerala,114033,3215,28.67,86.0,1.1446547319567901,179,0,91,185,156
17/09/2020,Kerala,117863,3830,29.0,84.0,1.12517979968575,180,0,92,186,157
18/09/2020,Kerala,122214,4351,27.33,91.0,1.14100466224281,181,0,93,187,158
19/09/2020,Kerala,126381,4167,26.67,91.0,1.16829945169626,182,0,94,188,159
20/09/2020,Kerala,131005,4624,26.33,94.0,1.2192968667324198,183,0,95,189,160
21/09/2020,Kerala,135721,4716,27.0,94.0,1.25354920019217,184,0,96,190,161
22/09/2020,Kerala,138631,2910,26.33,96.0,1.22161860134747,185,0,97,191,162
23/09/2020,Kerala,142756,4125,28.0,87.0,1.20527595140348,186,0,98,192,163
24/09/2020,Kerala,148132,5376,28.0,86.0,1.21419946987584,187,0,99,193,164
25/09/2020,Kerala,154456,6324,27.67,91.0,1.2407031933033998,188,0,100,194,165
26/09/2020,Kerala,160933,6477,28.33,89.0,1.27609718502074,189,0,101,195,166
27/09/2020,Kerala,167939,7006,28.67,89.0,1.30459757009926,190,0,102,196,167
28/09/2020,Kerala,175384,7445,28.67,89.0,1.33222542593829,191,0,103,197,168
29/09/2020,Kerala,179922,4538,28.0,91.0,1.31144001172418,192,0,104,198,169
30/09/2020,Kerala,187276,7354,26.33,92.0,1.33154277733144,193,0,105,199,170
01/10/2020,Kerala,196106,8830,28.33,87.0,1.35098831980771,194,0,106,200,171
02/10/2020,Kerala,204241,8135,28.67,83.0,1.3189836402752702,195,0,107,201,172
03/10/2020,Kerala,213499,9258,29.0,86.0,1.3074671347906899,196,0,108,202,173
04/10/2020,Kerala,221333,7834,28.67,83.0,1.24888158268072,197,0,109,203,174
05/10/2020,Kerala,229886,8553,28.33,82.0,1.20337591687,198,0,110,204,175
06/10/2020,Kerala,234928,5042,29.0,81.0,1.15468162035543,199,0,111,205,176
07/10/2020,Kerala,242799,7871,28.33,87.0,1.11783943366256,200,0,112,206,177
08/10/2020,Kerala,253405,10606,29.0,89.0,1.11599130840608,201,0,113,207,178
09/10/2020,Kerala,258850,5445,27.0,87.0,1.03626949245855,202,0,114,208,179
10/10/2020,Kerala,268100,9250,28.33,86.0,1.0138958294365699,203,0,115,209,180
11/10/2020,Kerala,279855,11755,27.33,87.0,1.07240670916953,204,0,116,210,181
12/10/2020,Kerala,289202,9347,27.67,96.0,1.08013995582882,205,0,117,211,182
13/10/2020,Kerala,295132,5930,27.33,94.0,1.0859729266467701,206,0,118,212,183
14/10/2020,Kerala,303896,8764,27.0,94.0,1.08587757313799,207,0,119,213,184
15/10/2020,Kerala,310140,6244,27.67,94.0,0.991162829388402,208,0,120,214,185
16/10/2020,Kerala,317929,7789,28.33,87.0,1.01568871764802,209,0,121,215,186
17/10/2020,Kerala,325212,7283,28.67,84.0,0.975125310950043,210,0,122,216,187
18/10/2020,Kerala,334228,9016,29.0,79.0,0.927186192733314,211,0,123,217,188
19/10/2020,Kerala,341859,7631,29.0,81.0,0.9009360311815551,212,0,124,218,189
20/10/2020,Kerala,346881,5022,27.0,93.0,0.8954251031501239,213,0,125,219,190
21/10/2020,Kerala,353472,6591,28.33,84.0,0.87394214253572,214,0,126,220,191
22/10/2020,Kerala,361841,8369,28.0,81.0,0.9323048264026781,215,0,127,221,192
23/10/2020,Kerala,369323,7482,19.67,48.0,0.9500170106753969,216,0,128,222,193
24/10/2020,Kerala,377834,8511,29.0,73.0,0.99229923258596,217,0,129,223,194
25/10/2020,Kerala,386087,8253,20.0,50.0,0.990229812558992,218,0,130,224,195
26/10/2020,Kerala,392930,6843,29.67,81.0,0.9803862505552231,219,0,131,225,196
27/10/2020,Kerala,397217,4287,9.67,26.0,0.9682128563145609,220,0,132,226,197
28/10/2020,Kerala,402674,5457,28.0,79.0,0.9491641129740909,221,0,133,227,198
29/10/2020,Kerala,411464,8790,9.67,23.0,0.9626900269863979,222,0,134,228,199
30/10/2020,Kerala,418484,7020,19.33,58.0,0.96208434515962,223,0,135,229,200
31/10/2020,Kerala,425122,6638,29.0,81.0,0.9339125231311328,224,0,136,230,201
01/11/2020,Kerala,433105,7983,29.33,75.0,0.9367989148480609,225,0,137,231,202
02/11/2020,Kerala,440130,7025,29.67,75.0,0.951173987999535,226,0,138,232,203
03/11/2020,Kerala,444268,4138,30.0,75.0,0.9607242713471329,227,0,139,233,204
04/11/2020,Kerala,451130,6862,29.67,85.0,1.00117958655009,228,0,140,234,205
05/11/2020,Kerala,459646,8516,29.33,82.0,1.00431213199616,229,0,141,235,206
06/11/2020,Kerala,466466,6820,29.33,74.0,1.00351926821881,230,0,142,236,207
07/11/2020,Kerala,473468,7002,30.33,73.0,1.01073987709331,231,0,143,237,208
08/11/2020,Kerala,480669,7201,28.33,89.0,0.993109717830799,232,0,144,238,209
09/11/2020,Kerala,486109,5440,30.0,73.0,0.95857341848902,233,0,145,239,210
10/11/2020,Kerala,489702,3593,30.0,80.0,0.947671964472187,234,0,146,240,211
11/11/2020,Kerala,495712,6010,19.67,50.0,0.935073434126102,235,0,147,241,212
12/11/2020,Kerala,502719,7007,28.33,87.0,0.9125486501149671,236,0,148,242,213
13/11/2020,Kerala,508256,5537,18.33,61.0,0.897194598004823,237,0,149,243,214
14/11/2020,Kerala,514060,5804,29.67,81.0,0.886427808579657,238,0,150,244,215
15/11/2020,Kerala,520417,6357,29.67,83.0,0.886269699274778,239,1,151,245,216
16/11/2020,Kerala,524998,4581,27.67,89.0,0.887898592635856,240,2,152,246,217
17/11/2020,Kerala,527708,2710,27.0,86.0,0.88956119435876,241,3,153,247,218
18/11/2020,Kerala,533500,5792,28.67,81.0,0.906619965590457,242,4,154,248,219
19/11/2020,Kerala,539919,6419,29.33,75.0,0.9142078765057451,243,5,155,249,220
20/11/2020,Kerala,545641,5722,21.0,43.0,0.9390086468353729,244,6,156,250,221
21/11/2020,Kerala,551669,6028,29.33,71.0,0.9627777770024469,245,7,157,251,222
22/11/2020,Kerala,557441,5772,29.67,70.0,0.962100661627117,246,8,158,252,223
23/11/2020,Kerala,562695,5254,29.33,73.0,0.9896965617414499,247,9,159,253,224
24/11/2020,Kerala,566452,3757,29.0,76.0,1.0248205647720199,248,10,160,254,225
25/11/2020,Kerala,571872,5420,30.33,72.0,1.0188139795050202,249,11,161,255,226
26/11/2020,Kerala,578363,6491,30.0,73.0,1.0189017189801801,250,12,162,256,227
27/11/2020,Kerala,583741,5378,20.33,48.0,1.00539642543757,251,13,163,257,228
28/11/2020,Kerala,587707,3966,29.33,75.0,0.9470743032308578,252,14,164,258,229
29/11/2020,Kerala,593957,6250,30.33,69.0,0.95825316068547,253,15,165,259,230
30/11/2020,Kerala,599600,5643,30.67,68.0,0.9738349580071999,254,16,166,260,231
01/12/2020,Kerala,602982,3382,30.0,64.0,0.972765141890804,255,17,167,261,232
02/12/2020,Kerala,608357,5375,29.0,69.0,0.978999784710951,256,18,168,262,233
03/12/2020,Kerala,614673,6316,28.33,71.0,0.9800480692390129,257,19,169,263,234
04/12/2020,Kerala,620049,5376,28.67,81.0,0.9847297934358241,258,20,170,264,235
05/12/2020,Kerala,625767,5718,27.67,84.0,1.03657156852742,259,21,171,265,236
06/12/2020,Kerala,631615,5848,28.33,79.0,1.02839690726653,260,22,172,266,237
07/12/2020,Kerala,636392,4777,28.33,78.0,1.0019064769910402,261,23,173,267,238
08/12/2020,Kerala,639664,3272,30.33,74.0,0.993194572954314,262,24,174,268,239
09/12/2020,Kerala,644696,5032,30.0,72.0,0.9808649569593321,263,25,175,269,240
10/12/2020,Kerala,649571,4875,29.67,73.0,0.942396814562106,264,26,176,270,241
11/12/2020,Kerala,654041,4470,29.67,73.0,0.921315811262413,265,27,177,271,242
12/12/2020,Kerala,658683,4642,28.33,81.0,0.9002968396421669,266,28,178,272,243
13/12/2020,Kerala,664632,5949,28.33,76.0,0.9166390712506421,267,29,179,273,244
14/12/2020,Kerala,669330,4698,28.33,84.0,0.932276910932032,268,30,180,274,245
15/12/2020,Kerala,672037,2707,27.67,77.0,0.9342254388964158,269,31,181,275,246
16/12/2020,Kerala,677255,5218,27.67,82.0,0.955226556955643,270,32,182,276,247
17/12/2020,Kerala,683440,6185,28.33,86.0,1.00773282331139,271,33,183,277,248
18/12/2020,Kerala,688409,4969,28.67,79.0,1.0332969025554302,272,34,184,278,249
19/12/2020,Kerala,693865,5456,28.67,65.0,1.06076053128234,273,35,185,279,250
20/12/2020,Kerala,700158,6293,28.67,60.0,1.0659670506368,274,36,186,280,251
21/12/2020,Kerala,705869,5711,28.33,61.0,1.0849204913985602,275,37,187,281,252
22/12/2020,Kerala,709292,3423,28.33,77.0,1.09129976865426,276,38,188,282,253
23/12/2020,Kerala,715341,6049,28.67,75.0,1.09791567804816,277,39,189,283,254
24/12/2020,Kerala,721510,6169,29.67,72.0,1.0778739573784202,278,40,190,284,255
25/12/2020,Kerala,726687,5177,29.33,75.0,1.0634280691573499,279,41,191,285,256
26/12/2020,Kerala,732084,5397,29.0,69.0,1.04367559323828,280,42,192,286,257
27/12/2020,Kerala,735611,3527,28.33,70.0,0.954711949665128,281,43,193,287,258
28/12/2020,Kerala,740516,4905,29.33,72.0,0.9245649023953479,282,44,194,288,259
29/12/2020,Kerala,743563,3047,29.0,71.0,0.9164170817003872,283,45,195,289,260
30/12/2020,Kerala,749450,5887,30.0,70.0,0.923691943187675,284,46,196,290,261
31/12/2020,Kerala,755718,6268,27.33,84.0,0.942679546456019,285,47,197,291,262
01/01/2021,Kerala,760933,5215,28.33,72.0,0.960219215712865,286,48,198,292,263
02/01/2021,Kerala,765924,4991,29.0,64.0,0.9623345640402959,287,49,199,293,264
03/01/2021,Kerala,771252,5328,29.0,82.0,1.02398501692829,288,50,200,294,265
04/01/2021,Kerala,775852,4600,28.33,81.0,1.02245280500712,289,51,201,295,266
05/01/2021,Kerala,778873,3021,29.33,80.0,1.0220477904599599,290,52,202,296,267
06/01/2021,Kerala,784488,5615,18.33,54.0,1.00976801430928,291,53,203,297,268
07/01/2021,Kerala,790882,6394,28.0,86.0,1.00842124135666,292,54,204,298,269
08/01/2021,Kerala,795933,5051,28.67,88.0,1.00038618226268,293,55,205,299,270
09/01/2021,Kerala,801075,5142,28.0,84.0,1.00283744496088,294,56,206,300,271
10/01/2021,Kerala,806603,5528,27.67,86.0,1.0078155999849001,295,57,207,301,272
11/01/2021,Kerala,811148,4545,27.67,81.0,1.0057953226859,296,58,208,302,273
12/01/2021,Kerala,814258,3110,26.33,86.0,1.00728171297779,297,59,209,303,274
13/01/2021,Kerala,819765,5507,26.0,94.0,1.00285382679075,298,60,210,304,275
14/01/2021,Kerala,825769,6004,18.67,54.0,0.9904099123217371,299,61,211,305,276
15/01/2021,Kerala,831259,5490,28.67,81.0,1.00210053185828,300,62,212,306,277
16/01/2021,Kerala,836883,5624,28.67,76.0,1.01643067775871,301,63,213,307,278
17/01/2021,Kerala,842843,5960,28.33,77.0,1.0289897171195899,302,64,214,308,279
18/01/2021,Kerala,847848,5005,27.67,81.0,1.03984263909897,303,65,215,309,280
19/01/2021,Kerala,851194,3346,28.0,66.0,1.0413294659855201,304,66,216,310,281
20/01/2021,Kerala,857380,6186,28.67,72.0,1.05272591466975,305,67,217,311,282
21/01/2021,Kerala,864195,6815,29.33,79.0,1.0661841931962,306,68,218,312,283
22/01/2021,Kerala,870529,6334,29.33,83.0,1.07858209686417,307,69,219,313,284
23/01/2021,Kerala,877282,6753,29.0,79.0,1.09579422776194,308,70,220,314,285
24/01/2021,Kerala,884242,6960,29.0,66.0,1.10600624431602,309,71,221,315,286
25/01/2021,Kerala,890278,6036,28.0,58.0,1.11319600168925,310,72,222,316,287
26/01/2021,Kerala,893639,3361,28.0,65.0,1.09088181828517,311,73,223,317,288
27/01/2021,Kerala,899932,6293,27.33,55.0,1.07002663023436,312,74,224,318,289
28/01/2021,Kerala,905591,5659,28.0,57.0,1.02051158295929,313,75,225,319,290
29/01/2021,Kerala,911362,5771,28.0,69.0,0.9913270427510041,314,76,226,320,291
30/01/2021,Kerala,917630,6268,29.67,66.0,0.971776403474369,315,77,227,321,292
31/01/2021,Kerala,923912,6282,29.33,69.0,0.954842483233313,316,78,228,322,293
01/02/2021,Kerala,929178,5266,30.0,66.0,0.9406635829612979,317,79,229,323,294
02/02/2021,Kerala,932637,3459,30.0,61.0,0.9510555048970201,318,80,230,324,295
03/02/2021,Kerala,938353,5716,30.0,58.0,0.94757892566586,319,81,231,325,296
04/02/2021,Kerala,944709,6356,29.0,63.0,0.9759398674257329,320,82,232,326,297
05/02/2021,Kerala,950811,6102,29.33,61.0,0.994731803616993,321,83,233,327,298
06/02/2021,Kerala,956421,5610,29.0,67.0,0.985340093601917,322,84,234,328,299
07/02/2021,Kerala,962363,5942,29.33,66.0,0.97986500761374,323,85,235,329,300
08/02/2021,Kerala,968438,6075,29.33,53.0,1.00274234960176,324,86,236,330,301
09/02/2021,Kerala,972180,3742,29.0,55.0,1.01297689537939,325,87,237,331,302
10/02/2021,Kerala,977394,5214,28.0,54.0,1.00135644059454,326,88,238,332,303
11/02/2021,Kerala,983374,5980,28.33,51.0,0.9904258719054809,327,89,239,333,304
12/02/2021,Kerala,988655,5281,28.0,57.0,0.968249953692655,328,90,240,334,305
13/02/2021,Kerala,994052,5397,28.33,64.0,0.9638713804555491,329,91,241,335,306
14/02/2021,Kerala,999523,5471,29.0,64.0,0.956251783861826,330,92,242,336,307
15/02/2021,Kerala,1004135,4612,29.0,69.0,0.9252999107677572,331,93,243,337,308
16/02/2021,Kerala,1007019,2884,29.33,73.0,0.91147780634955,332,94,244,338,309
17/02/2021,Kerala,1011956,4937,29.67,70.0,0.916366423133761,333,95,245,339,310
18/02/2021,Kerala,1016848,4892,29.33,69.0,0.9030598453224209,334,96,246,340,311
19/02/2021,Kerala,1021432,4584,29.67,70.0,0.901057930813728,335,97,247,341,312
20/02/2021,Kerala,1025937,4505,29.67,73.0,0.894259995613462,336,98,248,342,313
21/02/2021,Kerala,1030587,4650,30.33,68.0,0.8899353321649741,337,99,249,343,314
22/02/2021,Kerala,1034657,4070,30.33,69.0,0.89423660824421,338,100,250,344,315
23/02/2021,Kerala,1036869,2212,30.33,64.0,0.8952732809644691,339,101,251,345,316
24/02/2021,Kerala,1040903,4034,30.33,62.0,0.8887679587677869,340,102,252,346,317
25/02/2021,Kerala,1045009,4106,30.0,69.0,0.8848415086170199,341,103,253,347,318
26/02/2021,Kerala,1048686,3677,30.0,79.0,0.8768272065499251,342,104,254,348,319
27/02/2021,Kerala,1052357,3671,20.33,50.0,0.8712863671429101,343,105,255,349,320
28/02/2021,Kerala,1056149,3792,20.0,48.0,0.8653774819591891,344,106,256,350,321
01/03/2021,Kerala,1059403,3254,20.0,47.0,0.861292015598812,345,107,257,351,322
02/03/2021,Kerala,1061341,1938,29.0,67.0,0.876879372421151,346,108,258,352,323
03/03/2021,Kerala,1064279,2938,19.33,40.0,0.862999322081511,347,109,259,353,324
04/03/2021,Kerala,1067044,2765,20.0,31.0,0.8373146804255129,348,110,260,354,325
05/03/2021,Kerala,1069660,2616,20.33,37.0,0.820820224008256,349,111,261,355,326
06/03/2021,Kerala,1072436,2776,30.33,66.0,0.8124796668209759,350,112,262,356,327
07/03/2021,Kerala,1075227,2791,30.33,68.0,0.8019275562587191,351,113,263,357,328
08/03/2021,Kerala,1077327,2100,31.0,72.0,0.785265181502436,352,114,264,358,329
09/03/2021,Kerala,1078739,1412,29.67,76.0,0.7965180985687029,353,115,265,359,330
10/03/2021,Kerala,1081055,2316,30.0,72.0,0.8048208030641021,354,116,266,360,331
11/03/2021,Kerala,1081055,0,29.67,72.0,0.704621159790854,355,117,267,361,332
12/03/2021,Kerala,1083530,2475,30.33,69.0,0.731275105757335,356,118,268,362,333
13/03/2021,Kerala,1087443,3913,30.33,62.0,0.8375881921880659,357,119,269,363,334
14/03/2021,Kerala,1089478,2035,20.67,46.0,0.8460698850487809,358,120,270,364,335
15/03/2021,Kerala,1091270,1792,30.67,58.0,0.869938667787105,359,121,271,365,336
16/03/2021,Kerala,1092324,1054,20.0,39.0,0.8795162569099781,360,122,272,366,337
17/03/2021,Kerala,1094294,1970,20.33,40.0,0.883380024569587,361,123,273,367,338
18/03/2021,Kerala,1096392,2098,29.67,70.0,1.05124772096079,362,124,274,368,339
19/03/2021,Kerala,1098291,1899,30.33,69.0,1.03500145928828,363,125,275,369,340
20/03/2021,Kerala,1100275,1984,30.33,71.0,0.9041283895939849,364,126,276,370,341
21/03/2021,Kerala,1102353,2078,30.0,69.0,0.9024835421298141,365,127,277,371,342
22/03/2021,Kerala,1104228,1875,31.0,69.0,0.9144014565111451,366,128,278,372,343
23/03/2021,Kerala,1105467,1239,31.0,71.0,0.9446871603585879,367,129,279,373,344
24/03/2021,Kerala,1107452,1985,30.67,74.0,0.964887014555078,368,130,280,374,345
25/03/2021,Kerala,1109908,2456,29.67,78.0,1.0063464381419,369,131,281,375,346
26/03/2021,Kerala,1111897,1989,30.33,68.0,1.0222384848048,370,132,282,376,347
27/03/2021,Kerala,1113722,1825,31.33,68.0,1.01234887187509,371,133,283,377,348
28/03/2021,Kerala,1115777,2055,29.67,78.0,1.00757560194962,372,134,284,378,349
29/03/2021,Kerala,1117993,2216,30.0,78.0,1.02938510641013,373,135,285,379,350
30/03/2021,Kerala,1119542,1549,20.0,46.0,1.04967939574466,374,136,286,380,351
31/03/2021,Kerala,1121931,2389,30.67,73.0,1.07493313719291,375,137,287,381,352
01/04/2021,Kerala,1124584,2653,30.0,72.0,1.08024593522364,376,138,288,382,353
02/04/2021,Kerala,1127382,2798,30.67,68.0,1.12487336232393,377,139,289,383,354
03/04/2021,Kerala,1129890,2508,30.67,66.0,1.15513557770425,378,140,290,384,355
04/04/2021,Kerala,1132431,2541,30.0,67.0,1.1638399472724998,379,141,291,385,356
05/04/2021,Kerala,1135233,2802,30.33,74.0,1.17113488646747,380,142,292,386,357
06/04/2021,Kerala,1137590,2357,30.67,72.0,1.18752918991928,381,143,293,387,358
07/04/2021,Kerala,1141092,3502,21.0,46.0,1.21910100446021,382,144,294,388,359
08/04/2021,Kerala,1144594,3502,30.33,72.0,1.22810026985137,383,145,295,389,360
09/04/2021,Kerala,1148947,4353,29.0,78.0,1.2714032685376297,384,146,296,390,361
10/04/2021,Kerala,1154010,5063,29.67,75.0,1.3608533244474301,385,147,297,391,362
11/04/2021,Kerala,1160204,6194,28.67,84.0,1.49014398879733,386,148,298,392,363
12/04/2021,Kerala,1167190,6986,28.67,78.0,1.60968510170779,387,149,299,393,364
13/04/2021,Kerala,1172882,5692,29.33,78.0,1.63741428227132,388,150,300,394,365
14/04/2021,Kerala,1180397,7515,30.0,73.0,1.64934710701352,389,151,301,395,366
15/04/2021,Kerala,1189175,8778,30.33,70.0,1.6772931309491501,390,152,302,396,367
16/04/2021,Kerala,1197301,8126,29.0,72.0,1.62741502541211,391,153,303,397,368
17/04/2021,Kerala,1207332,10031,31.0,68.0,1.60324677780503,392,154,304,398,369
18/04/2021,Kerala,1221167,13835,29.33,78.0,1.64285962755775,393,155,305,399,370
19/04/2021,Kerala,1239424,18257,30.0,77.0,1.7512884254154097,394,156,306,400,371
20/04/2021,Kerala,1253068,13644,29.0,79.0,1.7431627180734097,395,157,307,401,372
21/04/2021,Kerala,1272645,19577,30.0,73.0,1.77902760314425,396,158,308,402,373
22/04/2021,Kerala,1295059,22414,30.67,71.0,1.80183154102084,397,159,309,403,374
23/04/2021,Kerala,1322054,26995,30.67,72.0,1.86800717031006,398,160,310,404,375
24/04/2021,Kerala,1350501,28447,30.67,74.0,1.87924943006251,399,161,311,405,376
25/04/2021,Kerala,1377186,26685,20.33,52.0,1.78410692083161,400,162,312,406,377
26/04/2021,Kerala,1405655,28469,30.33,75.0,1.65227953909055,401,163,313,407,378
27/04/2021,Kerala,1427545,21890,30.0,71.0,1.5206643762108303,402,164,314,408,379
28/04/2021,Kerala,1460364,32819,30.67,75.0,1.4588001557272698,403,165,315,409,380
29/04/2021,Kerala,1495377,35013,30.0,81.0,1.41345267924619,404,166,316,410,381
30/04/2021,Kerala,1533984,38607,29.67,78.0,1.3751405664928897,405,167,317,411,382
01/05/2021,Kerala,1571183,37199,19.67,55.0,1.32708561720425,406,168,318,412,383
02/05/2021,Kerala,1606819,35636,30.0,79.0,1.2877875186166399,407,169,319,413,384
03/05/2021,Kerala,1638778,31959,28.67,88.0,1.2276188167270001,408,170,320,414,385
04/05/2021,Kerala,1664789,26011,28.33,87.0,1.18176983459844,409,171,321,415,386
05/05/2021,Kerala,1701979,37190,30.67,77.0,1.1485463262921498,410,172,322,416,387
06/05/2021,Kerala,1743932,41953,30.67,75.0,1.1374700762690402,411,173,323,417,388
07/05/2021,Kerala,1786396,42464,28.67,85.0,1.1195709309759199,412,174,324,418,389
08/05/2021,Kerala,1824856,38460,30.0,81.0,1.0947113784940699,413,175,325,419,390
09/05/2021,Kerala,1866827,41971,29.33,89.0,1.09491498675041,414,176,326,420,391
10/05/2021,Kerala,1902628,35801,28.67,89.0,1.08807345557176,415,177,327,421,392
11/05/2021,Kerala,1930115,27487,28.67,89.0,1.0736222469296202,416,178,328,422,393
12/05/2021,Kerala,1967405,37290,29.0,84.0,1.05505235872833,417,179,329,423,394
13/05/2021,Kerala,2010934,43529,27.0,89.0,1.04473401564602,418,180,330,424,395
14/05/2021,Kerala,2050889,39955,27.33,94.0,1.02191121184759,419,181,331,425,396
15/05/2021,Kerala,2085583,34694,27.67,92.0,0.9976773966653409,420,182,332,426,397
16/05/2021,Kerala,2118263,32680,26.0,93.0,0.95640318266916,421,183,333,427,398
17/05/2021,Kerala,2147967,29704,29.67,79.0,0.932274597955301,422,184,334,428,399
18/05/2021,Kerala,2169369,21402,29.67,82.0,0.9144580338046769,423,185,335,429,400
19/05/2021,Kerala,2200706,31337,28.33,86.0,0.902738730725728,424,186,336,430,401
20/05/2021,Kerala,2233468,32762,29.67,83.0,0.8758571315559108,425,187,337,431,402
21/05/2021,Kerala,2263959,30491,29.0,91.0,0.8559828787807751,426,188,338,432,403
22/05/2021,Kerala,2293632,29673,26.67,94.0,0.856861405294532,427,189,339,433,404
23/05/2021,Kerala,2322146,28514,28.33,91.0,0.864808291314884,428,190,340,434,405
24/05/2021,Kerala,2347966,25820,30.0,83.0,0.875491442569999,429,191,341,435,406
25/05/2021,Kerala,2365787,17821,19.0,59.0,0.886641544566227,430,192,342,436,407
26/05/2021,Kerala,2395590,29803,27.0,91.0,0.9051080374091321,431,193,343,437,408
27/05/2021,Kerala,2424388,28798,26.33,91.0,0.909742922280042,432,194,344,438,409
28/05/2021,Kerala,2448554,24166,28.67,81.0,0.8994770942493281,433,195,345,439,410
29/05/2021,Kerala,2470872,22318,28.33,87.0,0.8812714665887779,434,196,346,440,411
30/05/2021,Kerala,2494385,23513,29.67,76.0,0.874502440014717,435,197,347,441,412
31/05/2021,Kerala,2514279,19894,28.67,84.0,0.8648353271766139,436,198,348,442,413
01/06/2021,Kerala,2526579,12300,28.0,83.0,0.8587780331237941,437,199,349,443,414
02/06/2021,Kerala,2546339,19760,29.0,84.0,0.8287595096866159,438,200,350,444,415
03/06/2021,Kerala,2566000,19661,29.0,85.0,0.803073775110032,439,201,351,445,416
04/06/2021,Kerala,2584853,18853,27.33,89.0,0.8008335873962379,440,202,352,446,417
05/06/2021,Kerala,2601082,16229,26.67,94.0,0.79722075513533,441,203,353,447,418
06/06/2021,Kerala,2618410,17328,28.67,87.0,0.7940156873485079,442,204,354,448,419
07/06/2021,Kerala,2633082,14672,29.0,91.0,0.796324123910322,443,205,355,449,420
08/06/2021,Kerala,2642395,9313,28.33,89.0,0.813239954849086,444,206,356,450,421
09/06/2021,Kerala,2657962,15567,28.67,89.0,0.820836733993489,445,207,357,451,422
10/06/2021,Kerala,2674166,16204,29.33,81.0,0.8311387637520009,446,208,358,452,423
11/06/2021,Kerala,2688590,14424,29.33,81.0,0.8306162622337021,447,209,359,453,424
12/06/2021,Kerala,2702823,14233,28.67,89.0,0.846910097575768,448,210,360,454,425
13/06/2021,Kerala,2716655,13832,26.67,98.0,0.8490551963117909,449,211,361,455,426
14/06/2021,Kerala,2728239,11584,26.33,94.0,0.852117270812355,450,212,362,456,427
15/06/2021,Kerala,2735958,7719,28.67,86.0,0.8666667208219521,451,213,363,457,428
16/06/2021,Kerala,2748204,12246,28.67,84.0,0.8636849320248,452,214,364,458,429
17/06/2021,Kerala,2761474,13270,28.67,87.0,0.8617982417121391,453,215,365,459,430
18/06/2021,Kerala,2773943,12469,29.0,88.0,0.868065643764376,454,216,366,460,431
19/06/2021,Kerala,2785304,11361,29.33,81.0,0.8643665115941508,455,217,367,461,432
20/06/2021,Kerala,2797747,12443,29.33,81.0,0.875368946101392,456,218,368,462,433
21/06/2021,Kerala,2809394,11647,29.0,84.0,0.9021653928777951,457,219,369,463,434
22/06/2021,Kerala,2816843,7449,28.33,89.0,0.9246105299606422,458,220,370,464,435
23/06/2021,Kerala,2829460,12617,28.0,87.0,0.95114172618845,459,221,371,465,436
24/06/2021,Kerala,2842247,12787,28.0,84.0,0.962886189595815,460,222,372,466,437
25/06/2021,Kerala,2854325,12078,29.0,82.0,0.970492102254734,461,223,373,467,438
26/06/2021,Kerala,2865871,11546,28.67,86.0,0.9813025726273629,462,224,374,468,439
27/06/2021,Kerala,2877989,12118,28.67,79.0,0.98373067382541,463,225,375,469,440
28/06/2021,Kerala,2888894,10905,28.67,86.0,0.9792484483588859,464,226,376,470,441
29/06/2021,Kerala,2896957,8063,9.33,31.0,0.990461996894622,465,227,377,471,442
30/06/2021,Kerala,2910507,13550,29.33,84.0,1.0056775978389,466,228,378,472,443
01/07/2021,Kerala,2924165,13658,29.0,87.0,1.01918265429514,467,229,379,473,444
02/07/2021,Kerala,2937033,12868,28.67,86.0,1.02909608686572,468,230,380,474,445
03/07/2021,Kerala,2949128,12095,28.67,84.0,1.03294594596333,469,231,381,475,446
04/07/2021,Kerala,2961584,12456,28.0,87.0,1.0317026899352801,470,232,382,476,447
05/07/2021,Kerala,2973684,12100,28.67,86.0,1.03964063747547,471,233,383,477,448
06/07/2021,Kerala,2981721,8037,28.67,86.0,1.03219943896031,472,234,384,478,449
07/07/2021,Kerala,2996094,14373,28.33,88.0,1.03452224258228,473,235,385,479,450
08/07/2021,Kerala,3011694,15600,28.0,87.0,1.05036103867513,474,236,386,480,451
09/07/2021,Kerala,3025466,13772,26.67,91.0,1.05351503029622,475,237,387,481,452
10/07/2021,Kerala,3039029,13563,24.67,93.0,1.0614534832595302,476,238,388,482,453
11/07/2021,Kerala,3053116,14087,27.0,84.0,1.06924046382242,477,239,389,483,454
12/07/2021,Kerala,3065336,12220,27.67,87.0,1.05777638085979,478,240,390,484,455
13/07/2021,Kerala,3073134,7798,28.0,87.0,1.04112100910165,479,241,391,485,456
14/07/2021,Kerala,3087673,14539,28.33,87.0,1.0300725346139101,480,242,392,486,457
15/07/2021,Kerala,3103310,15637,28.0,87.0,1.0204104912110799,481,243,393,487,458
16/07/2021,Kerala,3117083,13773,26.67,89.0,1.01325631305517,482,244,394,488,459
17/07/2021,Kerala,3130833,13750,17.33,59.0,1.01041353293441,483,245,395,489,460
18/07/2021,Kerala,3146981,16148,26.67,82.0,1.02975350305263,484,246,396,490,461
19/07/2021,Kerala,3160937,13956,28.33,84.0,1.0460059354772,485,247,397,491,462
20/07/2021,Kerala,3170868,9931,28.33,82.0,1.06438543117999,486,248,398,492,463
21/07/2021,Kerala,3187716,16848,19.0,58.0,1.08070099361279,487,249,399,493,464
22/07/2021,Kerala,3205197,17481,28.33,84.0,1.08763900616775,488,250,400,494,465
23/07/2021,Kerala,3218015,12818,27.33,91.0,1.06120212664937,489,251,401,495,466
24/07/2021,Kerala,3235533,17518,26.67,92.0,1.08247857213115,490,252,402,496,467
25/07/2021,Kerala,3254064,18531,18.0,61.0,1.0904761946169101,491,253,403,497,468
26/07/2021,Kerala,3271530,17466,27.33,87.0,1.1090592116517701,492,254,404,498,469
27/07/2021,Kerala,3283116,11586,27.0,92.0,1.10605235921649,493,255,405,499,470
28/07/2021,Kerala,3305245,22129,26.67,91.0,1.134782979855,494,256,406,500,471
29/07/2021,Kerala,3327301,22056,27.67,93.0,1.15331889252945,495,257,407,501,472
30/07/2021,Kerala,3349365,22064,18.67,53.0,1.2099772316847,496,258,408,502,473
31/07/2021,Kerala,3370137,20772,28.33,84.0,1.20371855960483,497,259,409,503,474
01/08/2021,Kerala,3390761,20624,27.67,84.0,1.1785119425161599,498,260,410,504,475
02/08/2021,Kerala,3411489,20728,27.67,86.0,1.1598056477732899,499,261,411,505,476
03/08/2021,Kerala,3425473,13984,27.67,86.0,1.1369056712912,500,262,412,506,477
04/08/2021,Kerala,3449149,23676,28.0,84.0,1.1123388606836297,501,263,413,507,478
05/08/2021,Kerala,3471563,22414,27.33,89.0,1.08395688816068,502,264,414,508,479
06/08/2021,Kerala,3493603,22040,26.67,91.0,1.0583245127133398,503,265,415,509,480
07/08/2021,Kerala,3513551,19948,26.33,93.0,1.03279409824266,504,266,416,510,481
08/08/2021,Kerala,3533918,20367,27.0,91.0,1.01712410905569,505,267,417,511,482
09/08/2021,Kerala,3552525,18607,27.33,89.0,0.9935396700095759,506,268,418,512,483
10/08/2021,Kerala,3565574,13049,26.67,89.0,0.9826113970865971,507,269,419,513,484
11/08/2021,Kerala,3586693,21119,27.0,89.0,0.964293311484793,508,270,420,514,485
