Date,State,Confirmed,New Cases,T,H,Rt,TJ,DI,CLE,GA,MT,ON
15/03/2020,Tamil Nadu,1,0,31.27,63.0,5.0,0,0,0,0,0,0
16/03/2020,Tamil Nadu,1,0,32.33,60.0,5.0,0,0,0,1,0,0
17/03/2020,Tamil Nadu,1,0,32.0,62.0,5.0,0,0,0,2,0,0
18/03/2020,Tamil Nadu,1,0,31.47,64.0,5.0,0,0,0,3,0,0
19/03/2020,Tamil Nadu,2,1,32.6,58.0,10.0,0,0,0,4,0,0
20/03/2020,Tamil Nadu,3,1,32.0,64.0,13.8368902327063,0,0,0,5,0,0
21/03/2020,Tamil Nadu,3,0,32.2,65.0,8.51383000187516,0,0,0,6,0,0
22/03/2020,Tamil Nadu,7,4,31.73,66.0,10.5061339060539,1,0,0,7,0,0
23/03/2020,Tamil Nadu,9,2,31.53,63.0,8.00438766691691,2,0,0,8,0,0
24/03/2020,Tamil Nadu,15,6,31.13,63.0,7.547008597426291,3,0,0,9,0,0
25/03/2020,Tamil Nadu,18,3,31.4,65.0,5.32498733433647,4,0,0,10,0,0
26/03/2020,Tamil Nadu,26,8,31.4,60.0,4.53855408500283,5,0,0,11,0,0
27/03/2020,Tamil Nadu,29,3,31.87,59.0,3.250402451486,6,0,0,12,0,0
28/03/2020,Tamil Nadu,40,11,31.2,61.0,3.2235911780139204,7,0,0,13,0,0
29/03/2020,Tamil Nadu,49,9,31.2,54.0,2.7381379005385202,8,0,0,14,0,0
30/03/2020,Tamil Nadu,67,18,32.13,59.0,2.89201328963684,9,0,0,15,0,0
31/03/2020,Tamil Nadu,74,7,31.73,63.0,2.31134172559093,10,0,0,16,0,0
01/04/2020,Tamil Nadu,234,160,33.0,57.0,6.61646880002047,11,0,0,17,0,0
02/04/2020,Tamil Nadu,234,0,33.13,56.0,4.90736779352982,12,0,0,18,0,0
03/04/2020,Tamil Nadu,309,75,32.73,61.0,4.179624971155491,13,0,0,19,0,0
04/04/2020,Tamil Nadu,411,102,32.4,57.0,3.62037879572066,14,0,0,20,0,0
05/04/2020,Tamil Nadu,485,74,32.93,67.0,3.00980044131142,15,0,0,21,0,0
06/04/2020,Tamil Nadu,571,86,33.33,65.0,2.56854165849304,16,0,0,22,0,0
07/04/2020,Tamil Nadu,621,50,33.2,61.0,2.14569958421726,17,0,0,23,0,0
08/04/2020,Tamil Nadu,690,69,32.87,67.0,1.4365543701625,18,0,0,24,0,0
09/04/2020,Tamil Nadu,738,48,32.73,71.0,1.33591275013039,19,0,0,25,0,0
10/04/2020,Tamil Nadu,834,96,31.87,62.0,1.25026647225595,20,0,0,26,0,0
11/04/2020,Tamil Nadu,911,77,32.4,59.0,1.11571377975322,21,0,0,27,0,0
12/04/2020,Tamil Nadu,969,58,32.13,64.0,1.03052656114443,22,0,0,28,0,0
13/04/2020,Tamil Nadu,1075,106,32.47,61.0,1.04158841833541,23,0,0,29,0,0
14/04/2020,Tamil Nadu,1173,98,31.93,64.0,1.12562668850505,24,0,0,30,0,0
15/04/2020,Tamil Nadu,1204,31,32.73,62.0,1.0396547283919,25,0,0,31,1,0
16/04/2020,Tamil Nadu,1242,38,32.6,62.0,1.00385473963132,26,0,0,32,2,0
17/04/2020,Tamil Nadu,1267,25,33.6,58.0,0.8510977194881159,27,0,0,33,3,0
18/04/2020,Tamil Nadu,1323,56,34.2,60.0,0.8079305258023409,28,0,0,34,4,0
19/04/2020,Tamil Nadu,1372,49,33.73,62.0,0.805096661321255,29,0,0,35,5,0
20/04/2020,Tamil Nadu,1477,105,33.4,61.0,0.8333388661645942,30,0,0,36,6,0
21/04/2020,Tamil Nadu,1520,43,33.93,59.0,0.752002572614346,31,0,0,37,7,0
22/04/2020,Tamil Nadu,1596,76,33.93,59.0,0.886801585381439,32,0,0,38,8,0
23/04/2020,Tamil Nadu,1629,33,34.53,58.0,0.9173927226958921,33,0,0,39,9,0
24/04/2020,Tamil Nadu,1683,54,34.53,63.0,1.02387432837932,34,0,0,40,10,0
25/04/2020,Tamil Nadu,1755,72,35.4,55.0,1.0867116176526501,35,0,0,41,11,0
26/04/2020,Tamil Nadu,1821,66,27.13,84.0,1.13352334109071,36,0,0,42,12,0
27/04/2020,Tamil Nadu,1885,64,32.47,68.0,1.01720147710139,37,0,0,43,13,0
28/04/2020,Tamil Nadu,1937,52,33.33,64.0,1.01756252473921,38,0,0,44,14,0
29/04/2020,Tamil Nadu,2058,121,31.87,58.0,1.11190313399973,39,0,0,45,15,0
30/04/2020,Tamil Nadu,2162,104,31.360211946050104,63.88610038610039,1.27425609351828,40,0,0,46,16,0
01/05/2020,Tamil Nadu,2323,161,34.73,57.0,1.50490516933808,41,0,0,47,17,0
02/05/2020,Tamil Nadu,2526,203,34.47,61.0,1.73586474033393,42,0,0,48,18,0
03/05/2020,Tamil Nadu,2757,231,34.73,59.0,1.9441031000546598,43,0,0,49,19,0
04/05/2020,Tamil Nadu,3023,266,34.4,64.0,2.10175001916397,44,0,0,50,20,0
05/05/2020,Tamil Nadu,3550,527,34.93,58.0,2.5714825160052404,45,0,0,51,21,0
06/05/2020,Tamil Nadu,4058,508,33.73,62.0,2.6825067577042203,46,0,0,52,22,0
07/05/2020,Tamil Nadu,4829,771,35.53,52.0,2.8959821204789304,47,0,0,53,23,0
08/05/2020,Tamil Nadu,5409,580,35.33,60.0,2.6497569834520496,48,0,0,54,24,0
09/05/2020,Tamil Nadu,6009,600,34.93,58.0,2.3396301657227903,49,0,0,55,25,0
10/05/2020,Tamil Nadu,6535,526,34.0,62.0,2.01618134247857,50,0,0,56,26,0
11/05/2020,Tamil Nadu,7204,669,34.27,62.0,1.82981773115646,51,0,0,57,27,0
12/05/2020,Tamil Nadu,8002,798,33.13,69.0,1.6535807665556597,52,0,0,58,28,0
13/05/2020,Tamil Nadu,8718,716,34.4,55.0,1.50907200741506,53,0,0,59,29,0
14/05/2020,Tamil Nadu,9227,509,34.27,61.0,1.27000972205425,54,0,0,60,30,0
15/05/2020,Tamil Nadu,9674,447,34.47,62.0,1.1232530656761102,55,0,0,61,31,0
16/05/2020,Tamil Nadu,10108,434,35.53,58.0,1.01433205972844,56,0,0,62,32,0
17/05/2020,Tamil Nadu,10585,477,34.47,57.0,0.9696067592663309,57,0,0,63,33,0
18/05/2020,Tamil Nadu,11224,639,35.13,53.0,0.9524739418827951,58,0,0,64,34,0
19/05/2020,Tamil Nadu,11760,536,36.13,49.0,0.893420872614346,59,0,0,65,35,0
20/05/2020,Tamil Nadu,12448,688,37.87,44.0,0.896038923225934,60,0,0,66,36,0
21/05/2020,Tamil Nadu,13191,743,23.87,33.0,0.9694347196983579,61,0,0,67,37,0
22/05/2020,Tamil Nadu,13967,776,37.0,51.0,1.07233874313517,62,0,0,68,38,0
23/05/2020,Tamil Nadu,14753,786,35.6,62.0,1.17464386328078,63,0,0,69,39,0
24/05/2020,Tamil Nadu,15512,759,35.2,67.0,1.2377376266196203,64,0,0,70,40,0
25/05/2020,Tamil Nadu,16277,765,35.07,61.0,1.23498762291811,65,0,0,71,41,0
26/05/2020,Tamil Nadu,17082,805,35.47,62.0,1.24721399342548,66,0,0,72,42,0
27/05/2020,Tamil Nadu,17728,646,35.27,64.0,1.18109851008598,67,0,0,73,43,0
28/05/2020,Tamil Nadu,18545,817,36.13,60.0,1.14367102267815,68,0,0,74,44,0
29/05/2020,Tamil Nadu,19372,827,36.47,49.0,1.1098635948754199,69,0,0,75,45,0
30/05/2020,Tamil Nadu,20246,874,35.93,57.0,1.09359538301038,70,0,0,76,46,0
31/05/2020,Tamil Nadu,21184,938,35.0,60.0,1.1024483449224298,71,0,0,77,47,0
01/06/2020,Tamil Nadu,22333,1149,34.87,60.0,1.15383526396199,72,0,0,78,48,0
02/06/2020,Tamil Nadu,23495,1162,35.33,55.0,1.19721555390754,73,0,0,79,49,0
03/06/2020,Tamil Nadu,24586,1091,35.93,46.0,1.2464155960141499,74,0,0,80,50,0
04/06/2020,Tamil Nadu,25872,1286,36.0,54.0,1.28486145704172,75,0,0,81,51,0
05/06/2020,Tamil Nadu,27256,1384,35.33,55.0,1.3221594502438703,76,0,0,82,52,0
06/06/2020,Tamil Nadu,28694,1438,35.07,53.0,1.3446096874339097,77,0,0,83,53,0
07/06/2020,Tamil Nadu,30152,1458,35.13,48.0,1.3461818173351698,78,0,0,84,54,0
08/06/2020,Tamil Nadu,31667,1515,36.07,46.0,1.3157342665146101,79,0,0,85,55,0
09/06/2020,Tamil Nadu,33229,1562,34.6,57.0,1.28720091405459,80,0,0,86,56,0
10/06/2020,Tamil Nadu,34914,1685,33.0,62.0,1.2853052711516397,81,0,0,87,57,0
11/06/2020,Tamil Nadu,36841,1927,30.53,70.0,1.29065894267479,82,0,0,88,58,0
12/06/2020,Tamil Nadu,38716,1875,33.13,50.0,1.2777116915367601,83,0,0,89,59,0
13/06/2020,Tamil Nadu,40698,1982,35.47,45.0,1.26809723148387,84,0,0,90,60,0
14/06/2020,Tamil Nadu,42687,1989,36.27,46.0,1.25565780707673,85,0,0,91,61,0
15/06/2020,Tamil Nadu,44661,1974,37.0,46.0,1.23644441952372,86,0,0,92,62,0
16/06/2020,Tamil Nadu,46504,1843,37.2,49.0,1.20256205409431,87,0,0,93,63,0
17/06/2020,Tamil Nadu,48019,1515,36.6,49.0,1.13377818467413,88,0,0,94,64,0
18/06/2020,Tamil Nadu,50193,2174,35.6,49.0,1.10934852013442,89,0,0,95,65,0
19/06/2020,Tamil Nadu,52334,2141,36.73,49.0,1.0966868326599901,90,0,0,96,66,0
20/06/2020,Tamil Nadu,54449,2115,35.27,54.0,1.08155972247648,91,0,0,97,67,0
21/06/2020,Tamil Nadu,56845,2396,33.87,58.0,1.09185110883875,92,0,0,98,68,0
22/06/2020,Tamil Nadu,59377,2532,34.6,48.0,1.11517540874985,93,0,0,99,69,0
23/06/2020,Tamil Nadu,62087,2710,34.67,52.0,1.15987006890521,94,0,0,100,70,0
24/06/2020,Tamil Nadu,64603,2516,33.67,58.0,1.20789112888057,95,0,0,101,71,0
25/06/2020,Tamil Nadu,67468,2865,32.27,64.0,1.2225314818603201,96,0,0,102,72,0
26/06/2020,Tamil Nadu,70977,3509,33.27,60.0,1.27130785520311,97,0,0,103,73,0
27/06/2020,Tamil Nadu,74622,3645,33.6,62.0,1.31782905999321,98,0,0,104,74,0
28/06/2020,Tamil Nadu,78335,3713,31.27,77.0,1.33620028600653,99,0,0,105,75,0
29/06/2020,Tamil Nadu,82275,3940,32.47,67.0,1.3450131816116597,100,0,0,106,76,0
30/06/2020,Tamil Nadu,86224,3949,33.27,59.0,1.33277982695774,101,0,0,107,77,0
01/07/2020,Tamil Nadu,90167,3943,31.33,70.0,1.32453079157956,102,0,1,108,78,0
02/07/2020,Tamil Nadu,94049,3882,30.13,77.0,1.29345257822682,103,0,2,109,79,0
03/07/2020,Tamil Nadu,98392,4343,33.4,55.0,1.2555467723529699,104,0,3,110,80,0
04/07/2020,Tamil Nadu,102721,4329,30.6,67.0,1.2161132328166298,105,0,4,111,81,0
05/07/2020,Tamil Nadu,107001,4280,31.2,71.0,1.1795270292553601,106,0,5,112,82,0
06/07/2020,Tamil Nadu,111151,4150,31.8,64.0,1.13738892959201,107,0,6,113,83,0
07/07/2020,Tamil Nadu,114978,3827,34.47,51.0,1.09168609514563,108,0,7,114,84,0
08/07/2020,Tamil Nadu,118594,3616,33.33,58.0,1.0480201372731,109,0,8,115,85,0
09/07/2020,Tamil Nadu,122350,3756,32.6,57.0,1.02152527255356,110,0,9,116,86,0
10/07/2020,Tamil Nadu,126581,4231,28.67,76.0,1.00448585896513,111,0,10,117,87,0
11/07/2020,Tamil Nadu,130261,3680,29.53,74.0,0.975216540007125,112,0,11,118,88,0
12/07/2020,Tamil Nadu,134226,3965,33.33,59.0,0.9624695829055229,113,0,12,119,89,0
13/07/2020,Tamil Nadu,138470,4244,28.53,80.0,0.968698071029258,114,0,13,120,90,0
14/07/2020,Tamil Nadu,142798,4328,30.53,69.0,0.9929951628473249,115,0,14,121,91,0
15/07/2020,Tamil Nadu,147324,4526,29.8,76.0,1.03261902408551,116,0,15,122,92,0
16/07/2020,Tamil Nadu,151820,4496,29.47,77.0,1.06272220038725,117,0,16,123,93,0
17/07/2020,Tamil Nadu,156369,4549,30.8,69.0,1.0704190084048701,118,0,17,124,94,0
18/07/2020,Tamil Nadu,160907,4538,31.0,65.0,1.08997115530289,119,0,18,125,95,0
19/07/2020,Tamil Nadu,165714,4807,27.2,94.0,1.10410335059659,120,0,19,126,96,0
20/07/2020,Tamil Nadu,170693,4979,31.2,70.0,1.1106623843911,121,0,20,127,97,0
21/07/2020,Tamil Nadu,175678,4985,32.33,66.0,1.11095103819021,122,0,21,128,98,0
22/07/2020,Tamil Nadu,180643,4965,32.33,64.0,1.10159177622107,123,0,22,129,99,0
23/07/2020,Tamil Nadu,186492,5849,31.8,67.0,1.1212148204860801,124,0,23,130,100,0
24/07/2020,Tamil Nadu,192964,6472,30.93,68.0,1.15817432022812,125,0,24,131,101,0
25/07/2020,Tamil Nadu,199749,6785,32.87,64.0,1.2009679946666298,126,0,25,132,102,0
26/07/2020,Tamil Nadu,206737,6988,32.0,62.0,1.23231645636641,127,0,26,133,103,0
27/07/2020,Tamil Nadu,213723,6986,32.87,60.0,1.2464177293922098,128,0,27,134,104,0
28/07/2020,Tamil Nadu,220716,6993,33.4,56.0,1.2498095108443799,129,0,28,135,105,0
29/07/2020,Tamil Nadu,227688,6972,25.67,93.0,1.24608944993397,130,0,29,136,106,0
30/07/2020,Tamil Nadu,234114,6426,32.2,63.0,1.2025717687113602,131,0,30,137,107,0
31/07/2020,Tamil Nadu,239978,5864,32.47,66.0,1.1329769470475801,132,0,31,138,108,0
01/08/2020,Tamil Nadu,245859,5881,30.93,71.0,1.06629839943639,133,0,32,139,109,0
02/08/2020,Tamil Nadu,251738,5879,31.8,64.0,1.0092760525181501,134,0,33,140,110,0
03/08/2020,Tamil Nadu,257613,5875,28.73,75.0,0.9668739906422329,135,0,34,141,111,0
04/08/2020,Tamil Nadu,263222,5609,30.2,68.0,0.930824845742288,136,0,35,142,112,0
05/08/2020,Tamil Nadu,268285,5063,30.4,67.0,0.8925578714294059,137,0,36,143,113,0
06/08/2020,Tamil Nadu,273460,5175,32.6,65.0,0.8757328412644909,138,0,37,144,114,0
07/08/2020,Tamil Nadu,279144,5684,32.6,62.0,0.8892906272016701,139,0,38,145,115,0
08/08/2020,Tamil Nadu,285024,5880,32.67,61.0,0.911949609621208,140,0,39,146,116,0
09/08/2020,Tamil Nadu,290907,5883,28.07,80.0,0.935468511971457,141,0,40,147,117,0
10/08/2020,Tamil Nadu,296901,5994,30.8,65.0,0.958621123748838,142,0,41,148,118,0
11/08/2020,Tamil Nadu,302815,5914,30.8,63.0,0.981633212713404,143,0,42,149,119,0
12/08/2020,Tamil Nadu,308649,5834,30.47,69.0,1.01140008905857,144,0,43,150,120,0
13/08/2020,Tamil Nadu,314520,5871,30.93,64.0,1.03439577288682,145,0,44,151,121,0
14/08/2020,Tamil Nadu,320355,5835,29.47,70.0,1.03799362851419,146,0,45,152,122,0
15/08/2020,Tamil Nadu,326245,5890,29.8,66.0,1.03286689505388,147,0,46,153,123,0
16/08/2020,Tamil Nadu,332105,5860,30.53,62.0,1.02449795565529,148,0,47,154,124,0
17/08/2020,Tamil Nadu,338055,5950,31.53,62.0,1.01591301768194,149,0,48,155,125,0
18/08/2020,Tamil Nadu,343945,5890,31.6,66.0,1.00944764254069,150,0,49,156,126,0
19/08/2020,Tamil Nadu,349654,5709,31.27,62.0,1.0023892488141601,151,0,50,157,127,0
20/08/2020,Tamil Nadu,355449,5795,32.2,61.0,0.998150564266607,152,0,51,158,128,0
21/08/2020,Tamil Nadu,361435,5986,32.6,63.0,1.00083829165996,153,0,52,159,129,0
22/08/2020,Tamil Nadu,367430,5995,32.2,70.0,1.00339031444062,154,0,53,160,130,0
23/08/2020,Tamil Nadu,373410,5980,30.07,76.0,1.00638770817601,155,0,54,161,131,0
24/08/2020,Tamil Nadu,379385,5975,31.07,66.0,1.00655804583452,156,0,55,162,132,0
25/08/2020,Tamil Nadu,385352,5967,30.8,78.0,1.00738464114712,157,0,56,163,133,0
26/08/2020,Tamil Nadu,391303,5951,32.67,67.0,1.0118907754609898,158,0,57,164,134,0
27/08/2020,Tamil Nadu,397261,5958,31.67,62.0,1.01425637932607,159,0,58,165,135,0
28/08/2020,Tamil Nadu,403242,5981,32.47,66.0,1.0119945472004899,160,0,59,166,136,0
29/08/2020,Tamil Nadu,409238,5996,32.67,69.0,1.00931720231058,161,0,60,167,137,0
30/08/2020,Tamil Nadu,415590,6352,32.47,72.0,1.01559698413622,162,0,61,168,138,0
31/08/2020,Tamil Nadu,422085,6495,32.0,67.0,1.02572477175762,163,0,62,169,139,0
01/09/2020,Tamil Nadu,428041,5956,30.73,75.0,1.02253009552828,164,0,63,170,140,0
02/09/2020,Tamil Nadu,433969,5928,31.33,71.0,1.01760951740098,165,0,64,171,141,0
03/09/2020,Tamil Nadu,439959,5990,32.2,74.0,1.0134977787002,166,0,65,172,142,0
04/09/2020,Tamil Nadu,445851,5892,31.53,72.0,1.00721189696493,167,0,66,173,143,0
05/09/2020,Tamil Nadu,451827,5976,31.13,71.0,1.0036105509678,168,0,67,174,144,0
06/09/2020,Tamil Nadu,457697,5870,31.87,67.0,0.9902935025442329,169,0,68,175,145,0
07/09/2020,Tamil Nadu,463480,5783,31.93,73.0,0.9727319307745209,170,0,69,176,146,0
08/09/2020,Tamil Nadu,469256,5776,32.53,64.0,0.969638050939812,171,0,70,177,147,0
09/09/2020,Tamil Nadu,474940,5684,31.8,71.0,0.967872470287575,172,0,71,178,148,0
10/09/2020,Tamil Nadu,480524,5584,30.13,74.0,0.964136024369625,173,0,72,179,149,0
11/09/2020,Tamil Nadu,486052,5528,31.47,69.0,0.962049767752201,174,0,73,180,150,0
12/09/2020,Tamil Nadu,491571,5519,29.93,69.0,0.9581401314654631,175,0,74,181,151,0
13/09/2020,Tamil Nadu,497066,5495,27.2,88.0,0.9566238339538321,176,0,75,182,152,0
14/09/2020,Tamil Nadu,502759,5693,28.87,76.0,0.9626198047527491,177,0,76,183,153,0
15/09/2020,Tamil Nadu,508511,5752,28.73,82.0,0.970668578284115,178,0,77,184,154,0
16/09/2020,Tamil Nadu,514208,5697,30.33,68.0,0.979138980682403,179,0,78,185,155,0
17/09/2020,Tamil Nadu,519860,5652,30.27,72.0,0.987609731127047,180,0,79,186,156,0
18/09/2020,Tamil Nadu,525420,5560,31.4,66.0,0.9934308479072259,181,0,80,187,157,0
19/09/2020,Tamil Nadu,530908,5488,27.73,79.0,0.9958903127958859,182,0,81,188,158,0
20/09/2020,Tamil Nadu,536477,5569,28.67,75.0,0.9995908678089019,183,0,82,189,159,0
21/09/2020,Tamil Nadu,541993,5516,29.6,73.0,0.9960607210206899,184,0,83,190,160,0
22/09/2020,Tamil Nadu,547337,5344,32.07,62.0,0.986112578051638,185,0,84,191,161,0
23/09/2020,Tamil Nadu,552674,5337,32.33,55.0,0.9776189349613771,186,0,85,192,162,0
24/09/2020,Tamil Nadu,557999,5325,33.07,56.0,0.971329354798989,187,0,86,193,163,0
25/09/2020,Tamil Nadu,563691,5692,31.4,70.0,0.9785520348944101,188,0,87,194,164,0
26/09/2020,Tamil Nadu,569370,5679,30.4,71.0,0.988711415854999,189,0,88,195,165,0
27/09/2020,Tamil Nadu,575017,5647,30.67,72.0,0.995737059642011,190,0,89,196,166,0
28/09/2020,Tamil Nadu,580808,5791,32.93,59.0,1.00619665651267,191,0,90,197,167,0
29/09/2020,Tamil Nadu,586397,5589,31.0,71.0,1.01398537342904,192,0,91,198,168,0
30/09/2020,Tamil Nadu,591943,5546,29.6,71.0,1.0188660461410102,193,0,92,199,169,0
01/10/2020,Tamil Nadu,597602,5659,29.8,70.0,1.0251626499601998,194,0,93,200,170,0
02/10/2020,Tamil Nadu,603290,5688,33.33,61.0,1.0213429291521998,195,0,94,201,171,0
03/10/2020,Tamil Nadu,608885,5595,31.33,67.0,1.0144536625643,196,0,95,202,172,0
04/10/2020,Tamil Nadu,614507,5622,31.53,63.0,1.00911354084551,197,0,96,203,173,0
05/10/2020,Tamil Nadu,619996,5489,33.13,62.0,0.997790959307216,198,0,97,204,174,0
06/10/2020,Tamil Nadu,625391,5395,34.0,57.0,0.9906477708065771,199,0,98,205,175,0
07/10/2020,Tamil Nadu,630408,5017,32.87,63.0,0.976817287886732,200,0,99,206,176,0
08/10/2020,Tamil Nadu,635855,5447,32.73,65.0,0.9729125465904309,201,0,100,207,177,0
09/10/2020,Tamil Nadu,640943,5088,30.33,79.0,0.9612306513675849,202,0,101,208,178,0
10/10/2020,Tamil Nadu,646128,5185,30.13,73.0,0.956019425778755,203,0,102,209,179,0
11/10/2020,Tamil Nadu,651370,5242,30.07,72.0,0.9532075199435429,204,0,103,210,180,0
12/10/2020,Tamil Nadu,656385,5015,30.93,67.0,0.949316320081018,205,0,104,211,181,0
13/10/2020,Tamil Nadu,661264,4879,31.13,66.0,0.94506482077013,206,0,105,212,182,0
14/10/2020,Tamil Nadu,665930,4666,31.8,58.0,0.945732931152125,207,0,106,213,183,0
15/10/2020,Tamil Nadu,670392,4462,32.73,54.0,0.9299479794827809,208,0,107,214,184,0
16/10/2020,Tamil Nadu,674802,4410,32.67,65.0,0.922588456112553,209,0,108,215,185,0
17/10/2020,Tamil Nadu,679191,4389,29.53,79.0,0.9132918673648021,210,0,109,216,186,0
18/10/2020,Tamil Nadu,683486,4295,25.87,94.0,0.9013442886004721,211,0,110,217,187,0
19/10/2020,Tamil Nadu,687400,3914,30.73,72.0,0.886265960861775,212,0,111,218,188,0
20/10/2020,Tamil Nadu,690936,3536,27.87,85.0,0.865405730605751,213,0,112,219,189,0
21/10/2020,Tamil Nadu,694030,3094,29.33,78.0,0.8391095910836729,214,0,113,220,190,0
22/10/2020,Tamil Nadu,697116,3086,30.87,70.0,0.820513578113939,215,0,114,221,191,0
23/10/2020,Tamil Nadu,700193,3077,30.33,72.0,0.8058361955294601,216,0,115,222,192,0
24/10/2020,Tamil Nadu,703250,3057,30.87,66.0,0.793321320123284,217,0,116,223,193,0
25/10/2020,Tamil Nadu,706136,2886,31.13,65.0,0.7791819540291891,218,0,117,224,194,0
26/10/2020,Tamil Nadu,709005,2869,30.93,65.0,0.778025821067602,219,0,118,225,195,0
27/10/2020,Tamil Nadu,711713,2708,29.67,75.0,0.785631014816548,220,0,119,226,196,0
28/10/2020,Tamil Nadu,714235,2522,28.2,74.0,0.803491388007917,221,0,120,227,197,0
29/10/2020,Tamil Nadu,716751,2516,24.87,94.0,0.820546351654886,222,0,121,228,198,0
30/10/2020,Tamil Nadu,719403,2652,30.67,62.0,0.8409810327808951,223,0,122,229,199,0
31/10/2020,Tamil Nadu,722011,2608,30.93,61.0,0.856692924866827,224,0,123,230,200,0
01/11/2020,Tamil Nadu,724522,2511,30.73,66.0,0.871624032108799,225,0,124,231,201,0
02/11/2020,Tamil Nadu,727026,2504,30.93,67.0,0.8831365066135591,226,0,125,232,202,0
03/11/2020,Tamil Nadu,729507,2481,30.93,70.0,0.89813063504205,227,0,126,233,203,0
04/11/2020,Tamil Nadu,731942,2435,28.33,83.0,0.9176706343075379,228,0,127,234,204,0
05/11/2020,Tamil Nadu,734429,2487,30.33,75.0,0.9377156595164872,229,0,128,235,205,0
06/11/2020,Tamil Nadu,736777,2348,29.8,81.0,0.9396048934919471,230,0,129,236,206,0
07/11/2020,Tamil Nadu,739147,2370,27.8,89.0,0.9410045600360569,231,0,130,237,207,0
08/11/2020,Tamil Nadu,741488,2341,29.4,77.0,0.943901929845038,232,0,131,238,208,0
09/11/2020,Tamil Nadu,743822,2334,29.67,61.0,0.9461254600637781,233,0,132,239,209,0
10/11/2020,Tamil Nadu,746079,2257,28.4,61.0,0.9448600612887409,234,0,133,240,210,0
11/11/2020,Tamil Nadu,748225,2146,26.6,75.0,0.9393188362784509,235,0,134,241,211,0
12/11/2020,Tamil Nadu,750409,2184,25.6,92.0,0.932712231489646,236,0,135,242,212,0
13/11/2020,Tamil Nadu,752521,2112,28.53,83.0,0.930490779189605,237,0,136,243,213,0
14/11/2020,Tamil Nadu,754460,1939,30.73,69.0,0.917534894126126,238,0,137,244,214,0
15/11/2020,Tamil Nadu,756372,1912,28.07,89.0,0.9051887205060061,239,1,138,245,215,0
16/11/2020,Tamil Nadu,758191,1819,26.27,91.0,0.888629229014516,240,2,139,246,216,0
17/11/2020,Tamil Nadu,759916,1725,28.47,81.0,0.8725427365284408,241,3,140,247,217,0
18/11/2020,Tamil Nadu,761568,1652,29.07,79.0,0.8608014527075559,242,4,141,248,218,0
19/11/2020,Tamil Nadu,763282,1714,30.0,72.0,0.852705178378409,243,5,142,249,219,0
20/11/2020,Tamil Nadu,764989,1707,29.67,72.0,0.8506409580507259,244,6,143,250,220,0
21/11/2020,Tamil Nadu,766677,1688,29.4,57.0,0.8604389487525891,245,7,144,251,221,0
22/11/2020,Tamil Nadu,768340,1663,28.4,65.0,0.870958095716195,246,8,145,252,222,0
23/11/2020,Tamil Nadu,769995,1655,29.6,71.0,0.886740489618511,247,9,146,253,223,0
24/11/2020,Tamil Nadu,771619,1624,24.93,92.0,0.9053803350164609,248,10,147,254,224,0
25/11/2020,Tamil Nadu,773176,1557,24.0,95.0,0.921794283327149,249,11,148,255,225,0
26/11/2020,Tamil Nadu,774710,1534,24.6,90.0,0.9278487410168821,250,12,149,256,226,0
27/11/2020,Tamil Nadu,776174,1464,26.13,70.0,0.9249742470704971,251,13,150,257,227,0
28/11/2020,Tamil Nadu,777616,1442,28.47,72.0,0.919294571063249,252,14,151,258,228,0
29/11/2020,Tamil Nadu,779046,1430,28.2,74.0,0.9140067210235551,253,15,152,259,229,0
30/11/2020,Tamil Nadu,780505,1459,28.27,75.0,0.9124058486898179,254,16,153,260,230,0
01/12/2020,Tamil Nadu,781915,1410,27.67,69.0,0.910032205864195,255,17,154,261,231,0
02/12/2020,Tamil Nadu,783319,1404,26.13,83.0,0.9135083745527941,256,18,155,262,232,0
03/12/2020,Tamil Nadu,784747,1428,25.6,93.0,0.921486672028118,257,19,156,263,233,0
04/12/2020,Tamil Nadu,786163,1416,24.73,95.0,0.934566259075405,258,20,157,264,234,0
05/12/2020,Tamil Nadu,787554,1391,25.33,93.0,0.94623667124819,259,21,158,265,235,0
06/12/2020,Tamil Nadu,788920,1366,28.13,80.0,0.954505491617855,260,22,159,266,236,0
07/12/2020,Tamil Nadu,790240,1320,26.67,89.0,0.9529135755362691,261,23,160,267,237,0
08/12/2020,Tamil Nadu,791552,1312,28.13,80.0,0.953236561322001,262,24,161,268,238,0
09/12/2020,Tamil Nadu,792788,1236,27.27,79.0,0.9458223048479301,263,25,162,269,239,0
10/12/2020,Tamil Nadu,794020,1232,27.53,69.0,0.9355040238220501,264,26,163,270,240,0
11/12/2020,Tamil Nadu,795240,1220,27.47,69.0,0.9258496060600251,265,27,164,271,241,0
12/12/2020,Tamil Nadu,796475,1235,27.67,63.0,0.9217412185560909,266,28,165,272,242,0
13/12/2020,Tamil Nadu,797693,1218,27.93,66.0,0.920142236620761,267,29,166,273,243,0
14/12/2020,Tamil Nadu,798888,1195,28.13,64.0,0.922082255705729,268,30,167,274,244,0
15/12/2020,Tamil Nadu,800029,1141,28.0,68.0,0.919421112546476,269,31,168,275,245,0
16/12/2020,Tamil Nadu,801161,1132,27.53,77.0,0.923770683410116,270,32,169,276,246,0
17/12/2020,Tamil Nadu,802342,1181,28.27,76.0,0.9339553853103459,271,33,170,277,247,0
18/12/2020,Tamil Nadu,803516,1174,28.13,74.0,0.9443367223062509,272,34,171,278,248,0
19/12/2020,Tamil Nadu,804650,1134,27.73,73.0,0.9469292349913441,273,35,172,279,249,0
20/12/2020,Tamil Nadu,805777,1127,28.33,57.0,0.9485671407541659,274,36,173,280,250,0
21/12/2020,Tamil Nadu,806891,1114,27.4,59.0,0.949967185620885,275,37,174,281,251,0
22/12/2020,Tamil Nadu,807962,1071,26.2,67.0,0.952050781526895,276,38,175,282,252,0
23/12/2020,Tamil Nadu,809014,1052,26.4,65.0,0.9525759753947199,277,39,176,283,253,0
24/12/2020,Tamil Nadu,810080,1066,26.33,65.0,0.9484139222314469,278,40,177,284,254,0
25/12/2020,Tamil Nadu,811115,1035,27.27,63.0,0.9409398756646371,279,41,178,285,255,0
26/12/2020,Tamil Nadu,812142,1027,27.4,65.0,0.9376738867564091,280,42,179,286,256,0
27/12/2020,Tamil Nadu,813161,1019,27.6,68.0,0.9352131839651209,281,43,180,287,257,0
28/12/2020,Tamil Nadu,814170,1009,27.2,65.0,0.9339760853569399,282,44,181,288,258,0
29/12/2020,Tamil Nadu,815175,1005,27.53,70.0,0.9382667466849609,283,45,182,289,259,0
30/12/2020,Tamil Nadu,816132,957,28.13,75.0,0.938947846212745,284,46,183,290,260,0
31/12/2020,Tamil Nadu,817077,945,28.07,68.0,0.9356535873271221,285,47,184,291,261,0
